age,income,account_balance,city_code,num_products,years_as_customer,last_contact_days,num_contacts,prev_outcome,marital_status_code,education_code,job_code,churn
23,100830.0,43967.0,15,2,5,226,18,1,1,1,10,0
62,93670.0,3572.0,13,5,1,302,8,2,0,0,2,0
55,75831.0,20177.0,18,1,18,234,19,0,2,2,7,0
43,108640.0,23183.0,19,3,20,217,11,1,1,2,6,0
42,32826.0,39995.0,14,5,23,171,8,2,2,1,7,1
66,112105.0,6886.0,8,5,28,90,1,2,1,3,1,1
22,105022.0,21985.0,12,2,14,103,12,1,2,2,5,1
57,70363.0,8040.0,9,4,24,272,13,0,1,0,7,0
29,93339.0,39487.0,12,1,21,26,19,0,0,3,4,0
23,72027.0,31797.0,16,1,8,31,14,1,0,0,10,1
48,46876.0,25088.0,8,2,25,145,1,1,1,2,6,1
73,99987.0,19949.0,10,5,1,282,11,0,1,1,4,0
59,44592.0,8082.0,1,4,17,240,15,0,2,2,0,1
61,51445.0,46131.0,14,3,28,215,10,1,1,3,2,0
58,71929.0,32559.0,10,2,19,195,9,2,2,2,5,1
62,103738.0,16298.0,9,1,28,41,16,0,0,2,4,1
47,58392.0,20989.0,11,2,1,121,12,1,1,3,10,1
25,69414.0,36445.0,5,1,15,29,13,0,2,2,9,1
65,24166.0,36118.0,12,1,23,276,9,0,0,3,1,1
43,31585.0,23324.0,15,4,19,274,6,1,0,1,7,0
46,25594.0,15493.0,7,1,26,94,10,0,2,0,5,1
39,27205.0,33167.0,3,1,13,107,19,0,1,0,1,0
28,106852.0,33082.0,8,3,20,116,12,2,2,2,7,1
70,104199.0,30184.0,4,2,12,324,14,0,1,2,6,1
62,102188.0,4106.0,8,3,26,178,3,0,2,0,1,1
54,25556.0,23902.0,12,1,3,278,19,2,2,0,5,1
40,27764.0,30888.0,3,2,7,164,5,1,2,3,8,1
64,48061.0,47528.0,15,3,2,255,19,0,0,2,3,0
49,76529.0,26515.0,5,4,21,193,9,1,1,3,4,0
43,53413.0,17464.0,17,3,6,102,18,1,0,0,1,0
43,68756.0,28011.0,14,3,9,319,17,0,0,0,2,0
30,37299.0,9273.0,6,3,25,259,15,1,0,1,11,0
23,93077.0,4989.0,11,2,10,281,18,1,1,3,7,0
49,51389.0,34065.0,3,2,4,346,12,0,1,2,2,0
68,26654.0,49316.0,2,3,0,91,17,2,2,3,5,1
21,94269.0,42377.0,19,1,6,34,4,1,0,1,2,1
66,110278.0,29391.0,16,4,27,212,2,2,1,1,5,0
65,21468.0,2492.0,3,4,16,119,11,0,2,2,1,0
33,63667.0,49404.0,6,2,29,159,16,0,2,3,7,0
54,102717.0,22756.0,4,2,6,86,15,2,0,1,6,1
27,90616.0,14838.0,8,2,10,146,11,2,2,2,7,0
61,105654.0,44678.0,6,4,4,144,10,0,0,3,5,1
57,61521.0,37446.0,7,4,11,128,12,2,1,1,3,0
38,57226.0,37606.0,11,1,16,271,17,0,1,3,2,0
21,90917.0,14248.0,4,3,24,216,16,1,2,2,2,0
73,35361.0,49594.0,17,1,11,173,3,0,2,3,5,0
43,43942.0,22916.0,14,3,23,42,12,1,2,1,5,1
68,80084.0,26804.0,15,2,18,208,8,2,2,2,8,0
56,86845.0,37672.0,4,2,8,64,16,2,1,1,0,0
62,31967.0,33169.0,14,3,27,115,10,2,2,2,3,0
61,70831.0,9028.0,16,2,13,152,19,0,0,1,10,1
29,56491.0,15472.0,4,2,4,52,9,2,1,2,10,1
38,70174.0,18378.0,15,4,28,142,13,1,0,3,11,1
44,115842.0,47403.0,7,5,27,98,3,1,2,1,3,0
46,27661.0,35868.0,15,1,1,310,18,2,2,1,1,0
20,119546.0,18633.0,10,2,27,313,3,1,2,1,2,0
49,64957.0,36868.0,16,5,28,2,8,1,2,2,1,1
26,97210.0,37056.0,3,3,24,220,16,1,0,2,11,0
60,62447.0,20013.0,8,2,7,234,19,1,2,2,10,1
56,51096.0,20455.0,6,3,18,138,10,2,1,0,9,0
70,97059.0,44767.0,5,1,16,171,10,1,2,0,8,1
60,88766.0,28310.0,6,1,18,288,1,1,2,0,4,1
38,34405.0,7901.0,8,4,18,138,19,0,1,3,5,1
73,90540.0,36129.0,3,3,19,24,1,1,0,3,10,1
41,95307.0,29683.0,14,4,15,136,1,2,1,0,9,1
36,58784.0,25692.0,11,2,20,93,9,1,1,0,6,0
69,112564.0,36392.0,16,5,15,140,1,0,2,3,10,1
39,84088.0,45400.0,14,3,0,84,4,1,1,2,4,1
22,53362.0,16856.0,3,4,1,55,12,2,1,1,4,1
44,21072.0,21255.0,2,1,28,359,14,0,1,2,10,0
63,87496.0,9880.0,9,1,27,47,6,0,0,0,4,1
28,40905.0,32530.0,10,4,17,258,16,1,0,0,9,1
44,95652.0,20434.0,5,5,5,262,12,1,0,1,5,1
25,72508.0,17446.0,15,5,23,225,5,0,1,3,3,0
57,66672.0,34977.0,12,2,4,332,14,2,1,3,2,0
45,36375.0,20703.0,15,1,11,2,12,2,2,0,7,1
36,91150.0,23486.0,3,5,9,110,16,1,2,2,5,0
30,36590.0,22282.0,16,4,0,68,3,1,0,3,4,0
50,61775.0,13297.0,4,2,24,211,5,0,0,3,8,0
56,103630.0,6727.0,9,4,15,232,6,2,1,3,0,1
71,112036.0,41448.0,9,5,9,327,7,2,2,0,1,0
42,118913.0,5040.0,16,2,15,139,17,1,0,0,11,1
27,115801.0,16581.0,6,4,0,86,14,1,0,0,7,0
65,75596.0,33540.0,5,4,13,337,11,2,0,0,6,0
53,40048.0,6999.0,7,3,15,245,11,2,1,0,0,1
57,103906.0,32948.0,7,4,10,279,17,0,2,1,7,0
23,100163.0,36786.0,4,2,24,162,9,2,2,2,5,0
35,119032.0,33314.0,4,5,7,163,5,2,1,1,7,1
61,85094.0,15599.0,5,5,4,142,3,2,0,1,0,0
65,34159.0,1478.0,9,5,15,273,7,1,1,0,6,1
42,70290.0,44423.0,7,4,26,77,13,1,1,0,6,0
63,64824.0,16664.0,8,1,11,356,9,0,0,3,3,0
65,104294.0,40347.0,14,2,1,65,9,1,2,2,0,1
40,59257.0,10291.0,5,3,29,168,10,0,2,0,11,0
69,52859.0,8539.0,18,5,13,115,19,1,0,3,8,0
34,28004.0,39018.0,15,3,5,234,19,0,0,3,7,1
31,103545.0,47016.0,4,3,18,248,4,1,0,3,9,0
56,95533.0,43101.0,6,1,9,335,3,1,2,0,8,1
54,24122.0,37686.0,4,4,28,288,5,0,1,2,1,0
25,63377.0,12710.0,6,2,8,91,17,2,0,3,5,1
65,67971.0,45703.0,7,1,16,76,9,1,0,3,10,1
29,66932.0,33558.0,3,5,16,323,17,2,0,0,3,0
63,111893.0,9022.0,1,1,7,178,13,0,1,3,11,1
18,35067.0,6903.0,9,1,14,36,11,2,2,1,0,1
63,50634.0,43622.0,14,1,3,301,6,0,0,1,3,0
62,38092.0,14120.0,6,3,19,237,7,1,0,2,4,0
62,44408.0,38411.0,17,1,22,10,3,1,1,3,7,1
55,110710.0,7363.0,8,5,28,285,10,1,2,0,2,0
44,114072.0,14386.0,18,3,9,222,6,1,1,2,2,0
58,24464.0,14534.0,5,2,8,224,6,2,0,3,7,1
33,83209.0,14414.0,11,1,16,315,1,0,0,2,3,0
62,43285.0,33899.0,15,3,20,181,16,2,2,1,10,0
49,39256.0,45762.0,2,1,29,168,18,0,2,0,10,0
44,49205.0,45561.0,18,5,0,225,10,0,2,2,3,0
46,39438.0,37206.0,7,2,7,72,11,0,1,2,6,0
50,69019.0,10524.0,10,3,7,56,18,2,2,2,3,0
20,119561.0,48048.0,12,1,7,308,10,0,1,3,4,0
25,78644.0,27332.0,13,1,13,79,12,1,0,2,8,0
31,92324.0,27525.0,1,2,26,184,9,1,1,2,3,0
24,69328.0,35218.0,17,1,0,99,10,2,2,0,1,0
43,21390.0,38570.0,12,4,24,84,10,1,1,2,3,0
56,28411.0,47669.0,19,5,18,218,14,2,2,0,11,1
55,46887.0,29327.0,9,5,18,293,12,2,2,2,3,1
44,44366.0,30697.0,12,2,20,161,10,2,0,0,4,0
66,104057.0,37403.0,9,4,3,51,2,2,0,3,7,0
50,104358.0,13127.0,17,3,22,89,18,0,0,1,1,0
22,105412.0,15731.0,16,1,7,60,17,1,2,1,3,0
61,83758.0,31461.0,18,1,15,322,4,1,2,0,2,0
50,75617.0,3674.0,10,3,20,117,6,0,0,0,11,1
54,84914.0,16364.0,16,3,18,137,19,0,0,3,11,0
50,60680.0,36040.0,7,1,9,26,7,0,1,1,9,1
49,87020.0,48818.0,9,5,11,163,16,2,1,2,2,0
23,99444.0,26215.0,15,4,14,333,15,1,2,3,7,1
49,96290.0,20283.0,2,3,1,150,17,0,2,2,7,0
63,81383.0,22298.0,14,5,21,238,1,2,0,0,10,0
35,25810.0,34428.0,1,5,2,67,10,2,0,1,1,0
52,92494.0,27451.0,12,5,13,53,11,2,1,1,8,0
19,56660.0,1649.0,10,2,19,267,16,2,1,1,2,1
37,94366.0,27192.0,9,5,2,24,5,2,2,0,6,1
42,73952.0,20303.0,10,3,29,164,6,0,1,2,10,1
74,108118.0,35189.0,10,4,11,116,4,2,1,1,0,0
30,53845.0,43817.0,8,5,0,6,15,1,0,1,1,0
33,113139.0,48141.0,9,1,19,194,19,1,0,1,9,0
41,104447.0,30706.0,11,3,16,351,3,1,2,1,0,1
74,53110.0,18446.0,15,1,19,26,5,1,2,0,8,1
66,68257.0,22475.0,11,2,22,297,6,1,0,1,6,0
19,73134.0,9234.0,13,3,14,197,17,2,2,3,4,1
31,96862.0,46828.0,16,5,24,264,9,0,1,2,10,1
64,88915.0,42441.0,19,5,11,36,6,0,1,2,10,0
21,105201.0,42772.0,3,2,16,317,7,0,2,3,3,1
66,56986.0,16742.0,14,2,4,5,12,2,2,2,0,1
34,70479.0,16449.0,5,3,18,331,8,1,0,0,1,1
70,63086.0,42902.0,4,5,7,240,3,1,0,1,1,0
34,110955.0,27455.0,16,5,20,123,16,1,2,1,11,0
42,50498.0,35380.0,2,2,24,3,9,1,2,1,7,1
55,78712.0,24746.0,17,1,25,223,5,1,0,0,8,0
25,32016.0,22417.0,15,4,27,32,14,0,2,0,2,0
49,105027.0,31794.0,19,2,3,222,15,0,1,1,10,0
46,58421.0,40742.0,13,1,4,282,3,2,1,3,8,0
62,54059.0,17038.0,17,1,27,98,2,1,0,2,9,1
74,78291.0,40552.0,3,3,11,87,1,0,2,3,5,0
55,69881.0,12588.0,17,2,0,81,15,1,2,0,8,0
41,104797.0,20439.0,4,3,8,82,12,1,1,1,6,0
41,73141.0,45677.0,6,2,25,42,16,0,2,2,4,1
41,71699.0,47745.0,3,4,10,91,12,0,2,1,7,1
64,30497.0,46231.0,8,4,2,240,8,2,2,1,3,1
36,22193.0,16144.0,15,3,21,111,12,0,2,1,11,0
27,59855.0,42244.0,6,1,5,285,14,0,2,0,8,0
37,119820.0,46836.0,16,3,10,299,8,1,2,3,8,0
19,111733.0,48921.0,12,4,0,277,18,1,2,3,8,0
24,82897.0,1534.0,12,2,18,197,18,2,1,0,5,1
23,83083.0,37377.0,18,2,13,116,16,2,2,1,11,1
61,59150.0,49838.0,9,3,26,339,19,0,0,2,2,0
59,37750.0,38351.0,7,2,10,75,8,1,1,3,6,0
57,20854.0,12042.0,19,3,6,170,3,0,1,3,0,0
44,53885.0,38248.0,11,2,4,166,10,1,2,1,3,0
58,51646.0,5709.0,12,2,6,272,15,0,0,2,6,0
27,39160.0,24290.0,6,4,13,200,15,0,1,3,5,0
69,45916.0,31498.0,5,3,2,292,8,2,0,3,11,1
46,22482.0,23094.0,4,3,12,335,6,0,2,1,7,0
71,80796.0,35141.0,5,4,25,143,9,1,2,3,4,0
26,112746.0,12391.0,4,2,23,319,16,0,0,1,5,1
46,89079.0,30507.0,15,1,19,62,2,2,2,0,7,1
57,64820.0,32418.0,2,5,26,334,7,2,1,3,9,1
46,62026.0,31872.0,12,1,23,65,5,1,2,3,3,1
43,50753.0,14821.0,19,3,19,310,16,2,2,1,7,0
27,34240.0,15616.0,15,2,25,143,9,1,0,1,6,1
39,79847.0,13261.0,8,2,3,352,2,0,0,1,0,0
31,76652.0,23357.0,2,1,24,48,5,0,1,0,10,1
35,20731.0,29505.0,16,5,8,170,1,0,0,3,6,1
56,61552.0,18445.0,1,3,21,329,10,0,0,0,2,1
53,47802.0,20794.0,13,2,27,18,19,0,2,2,7,1
52,37028.0,14677.0,13,4,14,97,11,0,2,0,8,0
38,90303.0,11333.0,4,1,2,31,17,1,1,2,10,1
72,72582.0,33043.0,15,3,11,117,15,0,0,3,0,1
22,83376.0,40894.0,4,3,12,143,17,1,0,2,4,1
37,91348.0,14889.0,5,3,28,226,6,1,2,2,2,1
24,118180.0,43098.0,16,1,28,94,19,2,0,3,6,0
37,100276.0,28763.0,19,5,17,58,5,1,0,3,6,0
72,82035.0,8801.0,6,2,28,62,9,2,1,3,5,1
38,107902.0,18616.0,18,4,13,342,13,1,1,0,11,0
69,67750.0,871.0,18,4,12,347,6,0,1,2,6,1
46,118476.0,2438.0,15,2,25,81,6,1,1,3,4,1
57,96143.0,17138.0,3,1,20,72,3,1,2,1,0,0
44,85088.0,22995.0,6,2,15,20,1,1,1,2,3,1
33,110332.0,39976.0,13,5,13,350,10,1,2,0,10,0
61,71507.0,7147.0,19,5,21,258,19,1,1,3,5,0
73,92069.0,42039.0,16,5,22,277,5,0,1,2,10,0
33,48473.0,12108.0,8,2,14,106,9,0,1,2,6,0
62,116321.0,7347.0,5,4,0,234,18,2,2,3,6,0
32,82336.0,35144.0,19,1,3,22,15,2,2,0,5,1
58,98200.0,38829.0,6,4,4,247,1,0,0,1,6,0
62,66073.0,30443.0,7,3,13,211,10,2,2,3,0,0
43,106680.0,6227.0,19,4,18,121,3,2,2,0,0,0
60,27417.0,6209.0,11,4,24,259,5,0,2,3,5,0
33,31410.0,19808.0,6,5,6,236,5,2,0,1,7,0
22,70711.0,22804.0,1,3,23,160,12,1,2,2,6,0
23,93241.0,49931.0,9,2,19,68,4,2,0,2,5,0
43,100921.0,14680.0,19,3,1,9,5,1,0,2,3,1
69,64008.0,10033.0,9,1,10,342,5,1,2,3,8,0
25,84967.0,47322.0,14,1,9,103,7,0,0,1,7,0
43,75310.0,8121.0,5,3,26,110,13,0,2,0,0,0
58,116152.0,1806.0,15,5,27,248,8,1,1,1,5,1
29,85410.0,21428.0,15,3,24,93,7,2,0,2,8,0
59,61684.0,20353.0,12,4,15,137,10,2,0,3,9,0
35,116981.0,31173.0,15,1,14,259,12,2,2,3,3,0
64,30725.0,43947.0,11,3,9,217,1,1,2,1,11,1
51,118457.0,46678.0,8,4,23,239,17,1,1,3,7,0
49,35401.0,14837.0,15,2,2,2,18,1,2,0,5,1
28,48822.0,49050.0,16,1,8,165,12,2,0,0,7,1
44,102147.0,31816.0,16,1,4,173,11,0,1,0,10,0
66,93375.0,3947.0,5,5,14,231,14,0,0,3,2,0
19,117035.0,46953.0,13,4,8,56,9,2,1,0,1,1
61,94998.0,7330.0,1,2,5,59,7,1,0,2,5,0
46,83700.0,29635.0,11,2,11,278,7,1,1,3,1,0
59,54649.0,39641.0,11,1,25,246,4,2,1,3,10,1
55,20471.0,12847.0,7,5,16,296,16,2,1,3,11,1
42,32386.0,13896.0,19,1,24,99,7,0,1,0,7,0
35,49777.0,24070.0,17,4,27,364,6,1,1,1,11,0
53,24094.0,44300.0,1,2,27,100,19,1,1,2,0,0
25,70817.0,11568.0,4,2,10,237,10,2,0,2,7,0
51,97734.0,33340.0,4,2,26,60,12,2,0,2,5,0
23,116325.0,22903.0,18,5,27,335,5,1,1,2,3,0
55,68969.0,6036.0,10,1,28,121,6,2,2,1,3,0
53,107500.0,35688.0,14,2,10,293,14,1,2,0,6,1
22,118554.0,41710.0,16,2,6,121,9,2,1,1,7,1
61,105982.0,28993.0,15,2,17,288,3,1,2,1,1,1
41,66497.0,9229.0,2,1,27,166,16,1,2,2,7,0
62,52526.0,8208.0,3,5,27,23,8,1,1,3,11,0
20,117791.0,21463.0,8,2,17,70,13,2,0,2,0,0
28,44191.0,25567.0,7,3,4,249,7,1,1,2,10,1
46,61157.0,27833.0,15,2,12,71,11,0,1,0,7,0
28,27403.0,12560.0,3,5,21,101,15,0,0,2,4,1
36,99368.0,25287.0,8,2,16,198,17,1,2,1,8,1
55,84983.0,15106.0,5,2,10,93,4,2,2,0,7,1
26,28481.0,34465.0,4,2,10,47,13,1,0,0,9,0
56,42192.0,39925.0,4,2,1,228,18,1,1,3,0,1
23,75546.0,32807.0,4,1,8,251,13,2,0,3,0,0
27,74041.0,561.0,11,4,20,267,3,1,0,2,7,0
51,100205.0,49606.0,8,1,7,344,4,2,0,3,3,0
63,46609.0,1676.0,9,2,29,46,4,1,1,0,2,1
27,112470.0,49971.0,10,2,2,156,3,2,0,1,5,0
35,64447.0,2072.0,15,2,17,86,15,2,0,3,8,1
70,102258.0,26064.0,17,4,14,329,19,1,1,0,2,0
74,43838.0,5745.0,11,3,24,197,10,0,1,2,11,0
51,23697.0,5212.0,13,5,26,36,12,1,0,0,5,0
43,25505.0,34328.0,15,2,16,252,15,0,1,1,1,0
37,57270.0,36528.0,14,5,18,16,8,1,0,1,0,0
52,115315.0,6352.0,3,1,20,100,9,0,2,1,10,1
51,24869.0,48844.0,19,3,15,263,12,1,1,3,1,1
34,56897.0,16362.0,4,4,5,185,6,1,2,3,5,0
19,30928.0,16257.0,8,3,12,278,2,0,0,2,8,1
26,113156.0,15200.0,13,5,7,208,11,0,2,2,6,1
72,87530.0,23329.0,8,2,13,307,16,1,1,0,3,0
41,96269.0,9302.0,5,1,18,205,2,0,0,0,1,1
45,91325.0,21526.0,18,4,6,21,5,2,2,0,8,1
44,85702.0,10894.0,2,1,7,26,5,2,0,3,5,1
62,97372.0,3045.0,5,4,24,283,16,2,0,0,0,1
21,20812.0,18752.0,19,4,11,15,10,0,2,1,2,1
22,106545.0,33777.0,14,5,5,138,11,2,0,3,6,0
33,93986.0,38272.0,2,3,21,6,13,1,1,2,2,0
45,93943.0,17990.0,15,5,21,111,6,1,0,2,4,0
56,59343.0,16525.0,19,1,24,217,14,0,0,0,1,1
45,100087.0,39479.0,2,3,22,63,1,1,0,2,9,1
43,58181.0,34218.0,8,1,29,170,3,2,0,2,7,1
71,24896.0,41689.0,9,4,17,363,16,0,1,1,9,0
27,110781.0,45352.0,3,4,8,26,13,0,1,2,0,0
50,43453.0,41150.0,4,5,25,24,4,1,0,3,4,0
48,30190.0,46856.0,4,4,7,99,9,1,1,1,3,0
44,82189.0,21124.0,4,2,8,302,1,1,0,1,7,0
64,43365.0,20036.0,8,1,24,148,13,1,1,1,9,0
33,105812.0,16416.0,9,5,26,233,15,0,2,3,2,1
72,64375.0,12143.0,5,3,10,13,6,0,2,0,9,1
36,20450.0,37566.0,6,1,21,268,7,0,2,3,6,1
49,115171.0,35865.0,4,5,27,25,5,0,0,3,9,0
47,71462.0,40168.0,16,5,23,260,8,2,0,1,0,0
66,46297.0,8785.0,5,3,0,54,6,2,2,2,11,0
43,87728.0,24817.0,18,4,19,313,5,1,0,3,5,1
34,73061.0,11486.0,11,1,5,108,9,0,2,3,3,0
19,22960.0,44705.0,16,1,25,67,17,1,1,1,2,0
38,95964.0,13736.0,13,2,2,123,15,2,0,0,11,0
65,60135.0,7623.0,6,4,29,1,6,0,2,2,10,1
18,89981.0,28708.0,12,1,5,61,18,1,1,0,1,0
69,109563.0,44013.0,6,1,12,218,4,1,2,0,5,0
48,81061.0,45828.0,3,4,7,110,18,0,1,3,8,1
25,87161.0,5256.0,5,4,24,129,6,1,0,1,7,0
35,45465.0,16631.0,6,4,11,294,11,1,2,2,2,1
49,43765.0,8099.0,3,4,22,46,4,1,0,0,4,1
35,61500.0,15739.0,1,5,2,145,15,2,1,0,4,0
24,105278.0,26925.0,18,4,13,68,7,1,1,0,3,1
55,72419.0,14388.0,10,3,27,176,17,0,2,1,11,0
56,54803.0,3842.0,8,5,27,121,2,0,2,0,2,1
24,97961.0,25746.0,18,2,6,17,10,1,1,1,8,1
34,105334.0,3113.0,5,1,11,26,4,2,2,1,10,1
31,110253.0,11721.0,8,4,12,311,17,0,0,2,9,1
55,49894.0,525.0,17,2,16,21,8,0,0,2,9,1
59,90964.0,4797.0,13,5,16,285,13,2,2,1,1,0
59,79032.0,22097.0,8,3,3,334,17,1,1,1,1,0
71,64897.0,42610.0,5,5,22,170,11,0,1,0,9,0
61,59694.0,38843.0,1,1,6,114,2,0,0,1,8,0
36,31455.0,5392.0,2,4,9,283,5,1,0,3,8,1
24,47482.0,2224.0,4,3,25,358,5,1,2,3,5,1
53,74966.0,17235.0,15,3,20,44,18,1,2,1,6,0
70,108655.0,32786.0,13,2,11,352,18,0,2,3,0,0
73,106634.0,37463.0,9,5,27,344,10,1,1,2,3,0
31,38759.0,41244.0,15,2,11,52,17,2,1,0,6,0
31,87932.0,17439.0,4,5,16,20,5,0,0,3,1,0
20,28481.0,8816.0,5,3,7,261,13,1,0,1,1,1
26,87501.0,1804.0,8,1,5,29,8,0,1,2,0,1
49,54192.0,7769.0,18,5,14,219,5,1,1,2,2,1
49,64984.0,3725.0,12,1,16,24,5,0,0,1,11,1
39,91763.0,43109.0,17,2,24,252,8,0,1,2,8,0
35,62488.0,13786.0,5,5,11,85,7,2,1,2,11,0
65,100743.0,41244.0,17,5,26,36,5,0,2,1,3,1
44,73358.0,27881.0,2,5,18,25,7,2,2,1,7,0
64,119874.0,27177.0,5,3,2,69,3,1,1,2,10,0
72,83824.0,23012.0,10,4,22,197,19,1,1,0,4,0
36,49636.0,41050.0,1,2,17,28,8,1,2,0,7,0
29,97528.0,2650.0,17,4,11,293,3,1,2,3,8,1
72,60794.0,5091.0,17,3,14,220,11,1,0,1,9,1
54,73416.0,21457.0,11,1,9,109,17,2,2,2,11,0
34,33682.0,20026.0,6,3,18,360,7,2,0,2,7,0
53,31934.0,27507.0,2,3,17,240,17,0,1,3,6,1
47,77487.0,37020.0,12,2,13,245,12,2,0,2,10,0
69,38669.0,29583.0,11,2,8,64,15,0,2,2,8,1
32,119758.0,13243.0,15,3,11,259,6,2,0,3,4,0
74,105567.0,16700.0,12,1,14,204,1,0,2,3,7,1
71,90088.0,37740.0,3,1,14,359,7,0,0,0,6,1
28,93469.0,10472.0,3,4,9,174,18,2,0,2,2,0
27,79521.0,25456.0,15,2,17,247,16,2,1,0,6,0
48,26029.0,27170.0,4,4,6,125,15,0,2,3,7,1
20,59236.0,37638.0,18,3,15,15,17,1,0,0,10,1
35,69580.0,35860.0,3,3,3,47,8,1,0,0,6,1
42,111529.0,23501.0,14,3,14,316,7,1,0,0,1,1
73,41949.0,15803.0,19,3,23,269,18,1,1,2,11,1
74,69691.0,18711.0,9,5,24,133,11,2,0,0,6,1
26,54406.0,20873.0,2,5,20,255,6,2,2,0,3,0
68,33436.0,11349.0,17,2,22,2,6,1,0,2,9,1
23,30301.0,31457.0,4,4,1,14,17,2,2,3,4,0
60,56537.0,10814.0,11,5,10,185,2,2,2,2,4,1
66,28242.0,32609.0,19,1,19,228,2,0,2,1,10,1
68,26716.0,37698.0,15,4,24,342,15,2,2,2,10,0
30,55086.0,48111.0,1,3,17,277,1,2,2,2,6,0
68,40197.0,6386.0,16,5,25,94,4,0,0,1,4,0
24,75480.0,38106.0,4,3,8,297,19,2,1,2,10,1
47,21766.0,4756.0,15,5,4,179,9,2,2,0,2,1
44,50181.0,17193.0,12,1,2,301,14,1,1,0,8,0
36,65327.0,9226.0,6,1,17,64,10,1,2,2,7,0
19,116314.0,8533.0,9,5,19,10,2,1,2,1,10,1
62,83454.0,9179.0,3,3,8,22,4,2,2,0,5,0
37,108071.0,2674.0,19,3,23,361,15,2,0,0,9,0
55,54329.0,41243.0,5,1,22,30,2,2,1,3,0,0
41,64970.0,3525.0,6,2,10,342,12,1,0,1,9,1
39,62038.0,20226.0,10,5,7,265,7,0,0,0,0,0
68,108739.0,35108.0,13,2,22,54,8,2,0,2,7,0
23,115920.0,49524.0,10,3,20,315,19,0,1,2,2,1
59,116233.0,42758.0,10,2,5,53,12,0,1,1,11,0
60,95196.0,7291.0,12,2,7,53,12,0,2,3,9,1
39,70311.0,49393.0,17,1,14,210,7,2,2,1,1,0
32,74085.0,32850.0,8,5,15,105,8,1,2,2,10,1
18,118051.0,9388.0,16,5,4,106,14,0,0,2,3,0
71,48454.0,22712.0,15,1,28,71,1,0,1,2,6,0
72,54670.0,45935.0,19,2,11,222,5,1,2,0,1,1
31,109699.0,19949.0,18,3,11,10,12,2,0,2,1,1
19,58632.0,9590.0,16,2,1,90,12,2,1,2,2,1
24,43509.0,43816.0,5,4,26,202,2,1,2,0,6,1
21,76046.0,47672.0,15,2,7,178,15,1,2,0,6,0
65,52534.0,48791.0,14,1,29,255,11,2,2,2,10,0
68,109087.0,47807.0,6,2,14,79,5,2,1,0,1,1
26,110906.0,43706.0,13,3,26,236,15,0,1,3,8,0
60,50601.0,22997.0,5,1,5,277,19,2,1,0,0,1
28,72954.0,10018.0,10,5,4,142,9,1,2,3,3,0
38,118399.0,31049.0,16,1,24,94,6,2,1,2,2,0
52,94231.0,11429.0,4,1,24,203,6,0,1,1,1,0
59,41562.0,23921.0,7,3,16,211,12,0,0,1,7,0
67,79074.0,32975.0,16,3,0,35,1,2,1,1,10,0
20,81989.0,47355.0,9,2,28,206,10,2,0,2,8,1
29,85343.0,14809.0,19,2,11,57,1,0,1,3,10,1
33,22501.0,12969.0,1,1,28,208,1,2,2,0,7,0
35,49938.0,36868.0,14,4,26,340,9,0,2,2,0,1
74,105461.0,819.0,16,2,25,196,15,2,1,3,4,1
62,44137.0,28537.0,18,1,20,278,17,0,2,1,9,1
36,49969.0,37422.0,3,2,20,113,2,0,2,2,0,0
73,52249.0,27769.0,19,5,15,336,5,2,1,0,1,0
46,37738.0,19505.0,8,2,0,296,9,2,2,3,10,0
46,35544.0,41513.0,7,5,11,334,11,0,1,0,0,0
42,54701.0,18866.0,7,2,21,270,19,0,2,1,11,1
26,107431.0,35671.0,13,1,24,237,14,1,1,1,9,1
71,20153.0,23475.0,13,2,16,192,11,0,0,1,7,0
18,48324.0,1815.0,10,2,21,338,2,2,0,0,6,0
27,26062.0,26760.0,2,1,0,309,2,2,2,2,1,1
31,76148.0,2948.0,19,3,14,152,3,2,0,0,4,1
33,45060.0,46582.0,5,2,15,32,13,0,2,3,9,0
25,99197.0,30277.0,2,4,26,2,7,0,0,0,10,1
19,78501.0,18915.0,12,3,9,85,5,2,1,1,5,1
56,98382.0,24566.0,8,3,6,23,13,0,1,3,10,1
73,83490.0,31149.0,12,3,10,77,16,1,1,0,9,0
24,63838.0,13379.0,17,1,5,40,9,1,0,0,0,0
34,106096.0,14775.0,2,4,16,358,17,2,0,2,7,0
46,67625.0,21223.0,6,1,19,35,14,0,1,0,7,0
70,114993.0,13299.0,10,4,24,229,14,2,1,3,6,0
57,119470.0,38016.0,15,5,29,129,17,2,2,1,9,1
61,78902.0,5638.0,12,4,2,64,4,0,1,3,10,1
51,87459.0,41417.0,8,3,7,256,15,1,0,0,6,0
41,45566.0,17752.0,12,2,9,354,19,0,0,0,3,0
29,101463.0,28280.0,19,5,7,288,19,1,1,3,11,1
67,87159.0,8308.0,10,2,24,355,11,0,1,3,11,0
63,110255.0,19575.0,17,3,4,215,15,0,2,3,8,0
19,46700.0,37852.0,15,4,0,246,17,1,1,1,7,1
58,98758.0,13899.0,6,5,25,54,17,1,1,1,1,1
22,67027.0,7047.0,5,5,28,311,18,0,0,2,4,1
60,38517.0,26334.0,15,1,6,273,16,0,0,1,2,0
65,37119.0,8543.0,4,5,9,93,8,0,2,0,6,0
25,76217.0,16080.0,7,1,15,130,14,2,1,1,9,1
42,51944.0,22797.0,5,3,15,223,8,1,1,2,2,0
25,30189.0,28422.0,12,5,29,5,16,0,1,0,11,1
50,62714.0,32149.0,6,4,12,298,16,0,0,1,1,0
70,85292.0,33994.0,13,5,0,103,18,2,1,1,1,0
22,51894.0,42292.0,18,2,12,28,12,0,1,0,11,0
40,115534.0,3770.0,16,2,16,121,10,2,0,0,1,1
73,97954.0,18435.0,19,2,15,305,4,1,1,1,8,1
35,71273.0,552.0,1,2,15,100,13,0,1,0,9,1
25,113465.0,967.0,9,4,27,197,11,0,0,1,3,1
45,63297.0,11007.0,5,3,24,296,10,0,1,2,0,0
46,33966.0,30108.0,18,4,7,13,13,2,2,3,3,0
55,23584.0,44778.0,14,3,10,277,17,1,0,0,0,0
35,113802.0,38790.0,7,2,20,106,3,1,2,1,8,0
72,115977.0,32491.0,11,1,12,254,9,0,1,0,10,1
47,93925.0,39019.0,12,3,12,69,14,2,2,1,11,0
34,30300.0,9012.0,10,5,5,51,16,0,0,1,9,1
72,49365.0,42071.0,10,5,7,287,15,1,2,3,9,1
70,24107.0,44568.0,2,2,22,295,16,2,1,1,10,1
46,25124.0,5205.0,9,3,25,358,17,2,2,3,9,1
19,44606.0,23762.0,7,4,23,247,19,1,2,0,7,0
52,77214.0,41586.0,16,4,9,170,12,2,0,0,11,0
49,26553.0,24066.0,17,1,4,71,5,0,0,0,3,0
26,118460.0,42103.0,15,3,4,108,11,2,0,1,4,1
54,65511.0,46809.0,1,1,11,236,14,1,1,0,10,0
65,46384.0,23995.0,16,1,15,126,2,1,2,0,3,0
24,71608.0,3444.0,8,4,26,176,15,0,1,0,3,1
59,99015.0,17332.0,8,1,26,62,11,2,0,3,1,1
25,51256.0,11151.0,18,2,0,160,18,2,0,3,3,0
60,24751.0,23968.0,17,3,21,87,5,2,1,0,7,1
41,25096.0,29495.0,1,4,8,41,18,0,2,3,10,0
18,105198.0,23462.0,7,3,5,49,9,1,0,0,1,0
73,31160.0,10176.0,15,1,16,189,11,2,1,1,8,1
27,83556.0,15407.0,11,4,1,134,13,1,1,1,9,1
51,58450.0,34136.0,5,5,10,37,12,2,0,1,10,0
28,97751.0,1835.0,10,5,16,188,18,2,2,3,9,1
71,26052.0,11097.0,17,4,8,60,4,0,2,2,1,0
60,109779.0,44670.0,5,3,17,6,14,1,1,2,5,0
63,89818.0,5408.0,15,5,13,49,19,0,2,2,11,1
42,64927.0,21029.0,14,3,23,164,5,1,2,2,10,0
44,40702.0,10745.0,17,1,5,348,5,1,2,0,7,0
54,117714.0,5680.0,6,5,1,88,10,2,0,1,11,1
62,50207.0,21425.0,5,2,15,104,14,2,0,0,8,1
66,69051.0,26311.0,11,5,7,89,19,1,1,2,0,0
19,59412.0,9218.0,11,2,21,130,16,1,0,1,10,0
55,43055.0,4350.0,8,5,2,262,16,1,0,2,2,0
24,61660.0,7167.0,15,3,17,118,9,1,1,2,4,0
34,35148.0,32751.0,16,3,29,240,13,1,1,1,2,0
65,20166.0,43083.0,5,2,2,327,5,2,0,0,8,0
32,48999.0,9424.0,16,5,9,345,9,2,0,3,0,1
63,31207.0,16359.0,5,1,25,205,4,2,0,1,7,1
44,61477.0,17518.0,8,3,16,260,1,0,1,0,10,1
31,106276.0,18357.0,1,2,5,335,17,1,2,1,9,0
37,36256.0,12592.0,7,3,6,287,16,1,1,3,3,1
48,20123.0,3235.0,19,2,22,110,10,1,0,1,10,1
61,31109.0,26495.0,9,4,25,49,1,1,1,3,4,1
52,70816.0,18189.0,14,2,10,42,2,2,0,1,8,0
71,47483.0,17441.0,3,1,14,322,3,1,0,3,6,0
67,68950.0,13607.0,13,1,23,203,14,0,0,2,0,0
60,22924.0,46502.0,8,4,5,108,4,1,1,0,0,1
52,53309.0,30719.0,15,2,6,126,5,2,1,2,2,1
34,61013.0,21225.0,18,2,23,103,17,0,1,1,11,1
41,63132.0,10666.0,11,4,5,292,17,0,1,0,11,1
24,75115.0,40155.0,2,2,23,223,15,2,1,2,4,1
39,98058.0,44474.0,10,2,14,321,6,0,2,0,11,1
70,66722.0,2099.0,3,2,29,110,12,1,2,2,0,0
42,104120.0,46518.0,9,2,0,173,4,2,0,3,11,0
24,72973.0,35121.0,2,4,28,45,17,0,2,0,2,0
55,46034.0,5441.0,13,3,6,354,2,1,0,1,0,1
72,42901.0,37781.0,6,5,1,187,15,0,0,2,9,1
67,52249.0,5816.0,4,4,21,202,10,0,1,0,4,0
33,79746.0,3017.0,1,1,15,151,15,0,0,1,3,1
43,44248.0,6208.0,17,2,25,99,9,0,1,1,9,0
48,111417.0,23261.0,16,2,3,346,4,1,0,0,3,0
32,67986.0,31168.0,16,3,2,178,15,1,1,3,9,0
33,106327.0,20662.0,2,2,17,246,12,0,2,1,2,1
31,88325.0,6537.0,7,5,26,14,9,2,2,3,1,1
74,53335.0,10358.0,19,2,12,101,8,2,0,2,3,1
60,42825.0,42692.0,11,3,23,293,7,0,1,3,7,1
65,94394.0,48149.0,3,1,27,32,10,2,1,3,2,1
64,53073.0,37836.0,3,5,26,37,5,0,1,2,1,0
72,44686.0,5618.0,5,5,15,295,6,1,1,1,8,0
24,113038.0,41080.0,19,4,20,113,6,1,2,1,5,1
68,68262.0,34753.0,4,2,15,100,1,1,1,3,5,1
21,24856.0,26539.0,18,1,20,206,18,2,0,1,2,0
45,69476.0,7590.0,13,4,17,71,5,2,2,2,0,0
51,66076.0,49835.0,18,3,15,16,4,0,2,0,0,1
38,106396.0,22409.0,16,5,13,2,3,1,0,3,8,1
26,91155.0,2686.0,7,4,19,29,19,2,1,2,0,1
28,39135.0,10893.0,16,3,22,58,10,2,2,1,2,0
65,35045.0,20362.0,4,5,27,254,7,2,1,2,10,0
36,80359.0,3585.0,6,5,18,109,8,1,1,1,4,1
35,24737.0,16534.0,5,3,3,27,2,0,2,0,8,1
70,51901.0,23685.0,3,1,17,6,6,1,2,3,4,1
26,33820.0,47457.0,2,1,9,174,5,2,1,3,11,1
70,22056.0,4775.0,4,3,0,306,16,2,0,3,9,0
70,111882.0,29054.0,3,3,2,124,2,2,1,1,5,1
52,28982.0,45830.0,8,1,17,24,9,2,2,1,8,0
27,20925.0,40406.0,2,1,28,84,16,1,0,0,4,0
26,113289.0,46284.0,2,4,15,182,16,0,1,2,11,0
34,38832.0,8931.0,19,4,13,69,10,1,1,1,4,0
50,101655.0,40166.0,2,1,2,357,5,1,0,3,10,0
26,23128.0,48942.0,2,3,20,278,7,2,1,3,7,1
43,35355.0,16638.0,1,1,1,126,5,1,2,0,7,0
24,31062.0,25182.0,3,4,25,347,13,2,0,3,4,1
48,90626.0,26776.0,11,5,24,119,6,0,1,0,9,0
19,82014.0,24936.0,16,5,29,52,12,2,2,1,8,0
58,67550.0,14844.0,14,3,8,342,13,1,0,1,9,1
21,44163.0,48558.0,12,4,4,350,18,2,1,3,9,1
29,28885.0,47846.0,2,5,8,114,8,1,0,2,1,0
27,76921.0,19346.0,15,4,23,217,19,1,1,3,10,1
65,43071.0,40361.0,1,3,6,64,8,0,1,2,10,0
21,79019.0,20177.0,12,4,26,234,13,2,0,3,2,1
42,88746.0,39843.0,8,3,4,252,13,2,0,3,11,0
51,104943.0,29445.0,17,5,1,259,16,2,1,3,6,0
47,69398.0,23773.0,6,3,6,208,9,0,2,1,3,1
56,20474.0,6838.0,13,5,22,257,16,0,0,1,2,1
63,48066.0,32902.0,9,1,18,203,7,2,2,3,4,0
40,105336.0,16393.0,10,1,10,299,10,0,0,3,0,0
65,73325.0,11234.0,18,1,19,66,10,1,1,3,8,1
36,81911.0,10063.0,14,3,19,176,14,1,1,2,8,1
74,65782.0,49102.0,8,4,16,152,12,2,1,3,8,0
46,36274.0,5612.0,9,2,15,195,2,2,0,2,6,0
59,109670.0,40027.0,14,1,3,52,16,2,2,2,4,0
67,97293.0,43374.0,7,5,7,118,15,0,0,0,8,0
63,119518.0,2037.0,4,4,15,348,2,1,2,2,10,0
66,105549.0,29671.0,9,4,4,39,19,2,1,2,1,1
48,49113.0,29081.0,2,3,14,232,13,2,1,3,4,0
20,45426.0,18254.0,4,3,3,242,2,0,0,3,11,0
46,44847.0,33502.0,8,1,23,173,10,2,1,1,10,0
28,111879.0,20729.0,16,1,3,13,16,1,2,1,11,0
68,75693.0,22264.0,15,5,2,13,6,0,2,3,2,0
31,65445.0,21860.0,5,2,19,101,18,1,2,3,5,0
30,116826.0,40133.0,9,4,6,38,8,2,0,0,1,0
32,80342.0,31840.0,3,4,10,35,5,0,1,1,10,0
54,110943.0,19262.0,15,2,9,59,7,0,1,3,6,0
50,118464.0,46375.0,5,2,6,70,10,2,2,0,2,0
72,27944.0,40201.0,16,4,22,306,14,2,2,3,1,1
41,56153.0,46672.0,16,1,20,233,18,0,2,0,8,1
34,93413.0,36659.0,14,3,7,12,4,2,0,0,9,0
20,101315.0,19878.0,7,5,20,229,19,2,0,3,10,0
18,34848.0,38760.0,19,4,21,50,11,2,2,2,11,0
39,51839.0,16798.0,14,4,16,154,3,0,2,2,9,0
70,74817.0,13910.0,13,1,17,14,18,1,1,3,9,1
47,99921.0,22826.0,17,1,28,33,7,2,0,1,9,1
68,31296.0,48480.0,17,2,13,49,12,2,0,2,11,0
23,80073.0,28612.0,2,2,11,158,14,1,2,2,5,1
23,49644.0,19492.0,17,1,16,169,1,0,1,2,9,0
65,41635.0,23359.0,15,5,25,129,5,0,1,1,9,0
24,71539.0,14915.0,4,1,21,226,14,0,2,2,1,0
20,61402.0,33108.0,6,4,2,263,7,0,0,1,8,1
41,83571.0,17846.0,15,3,13,266,1,0,2,2,4,0
70,51763.0,27942.0,5,4,22,211,1,0,0,3,1,1
57,102327.0,18805.0,9,2,6,199,16,2,2,1,2,1
23,27810.0,16375.0,14,2,29,179,3,1,2,2,1,1
65,106187.0,48526.0,13,4,24,87,2,1,1,3,10,1
66,22983.0,17613.0,18,2,25,178,11,2,0,3,9,0
63,93589.0,3990.0,3,4,2,4,3,1,0,3,1,1
69,54647.0,19240.0,6,1,17,352,13,1,0,2,7,1
31,58333.0,26841.0,19,1,15,135,11,0,2,1,7,0
73,21903.0,5184.0,11,4,18,276,13,1,0,3,6,0
36,90210.0,15631.0,5,4,25,349,10,0,1,2,7,0
63,36548.0,8720.0,6,1,10,181,15,1,1,0,10,0
51,85915.0,25282.0,7,5,16,314,13,2,2,1,6,0
62,92518.0,36294.0,11,1,20,175,8,1,2,1,7,1
53,104523.0,48439.0,6,5,22,49,1,0,1,3,6,1
54,90809.0,19760.0,12,4,23,10,6,2,2,0,4,1
53,50150.0,43231.0,9,5,10,50,3,2,1,2,10,0
62,93858.0,11119.0,12,5,29,344,1,1,1,2,4,0
60,102595.0,39134.0,3,2,0,173,6,0,0,0,9,1
25,51715.0,28352.0,12,4,14,117,4,2,0,2,7,1
65,32417.0,38029.0,18,2,18,163,2,0,1,3,8,0
48,109001.0,37899.0,3,3,1,94,6,2,0,2,9,1
36,34793.0,26855.0,7,2,13,317,10,0,0,2,8,0
47,79383.0,13242.0,14,3,17,364,4,1,1,1,6,0
73,43628.0,26546.0,12,5,18,31,6,2,1,0,7,1
66,32602.0,41426.0,13,3,3,262,1,0,2,0,6,1
65,97641.0,48547.0,11,1,8,123,1,0,2,1,4,1
44,34371.0,46411.0,13,2,7,18,3,0,2,2,8,1
62,87022.0,9482.0,12,4,19,336,9,1,0,0,10,0
39,89309.0,30071.0,2,3,9,23,13,1,1,3,8,0
57,26022.0,5677.0,15,3,17,75,15,0,2,2,9,1
54,37294.0,33612.0,9,3,21,10,12,1,1,1,9,0
32,99436.0,49620.0,1,2,23,172,12,2,1,3,4,1
33,70729.0,3102.0,8,3,5,219,18,2,1,0,0,1
21,32135.0,33000.0,9,4,27,117,5,0,1,3,4,0
25,119177.0,47303.0,2,5,4,27,16,1,1,1,9,0
42,46498.0,42435.0,19,4,0,43,18,0,0,1,9,0
45,20400.0,19927.0,5,5,1,340,11,1,1,1,6,1
27,112416.0,5644.0,7,5,6,294,16,2,0,3,9,0
41,21657.0,46233.0,9,1,26,342,3,2,2,1,0,0
52,75335.0,46105.0,16,2,6,194,17,0,2,3,7,0
31,119308.0,29159.0,15,2,20,199,11,0,1,1,8,0
37,77780.0,48955.0,15,1,12,287,5,2,1,1,6,0
38,78463.0,728.0,5,1,1,225,2,2,2,2,8,1
46,58817.0,31022.0,17,4,13,159,14,0,1,2,5,0
38,32690.0,2407.0,16,2,0,107,9,0,1,1,6,0
60,77269.0,46816.0,9,1,14,177,6,1,0,0,7,0
36,109730.0,34180.0,11,2,16,24,8,1,0,1,9,0
42,29110.0,45714.0,1,2,15,71,19,1,0,2,2,0
39,108038.0,28352.0,15,1,8,269,9,2,0,0,3,0
28,61504.0,4621.0,19,1,22,316,2,2,2,0,5,1
57,73620.0,1813.0,9,4,17,38,6,2,1,3,2,1
31,36540.0,17110.0,11,5,7,36,3,0,2,0,4,1
34,82179.0,37301.0,10,3,13,32,14,2,1,1,4,1
63,38235.0,7976.0,2,4,3,289,16,2,2,3,3,0
72,47318.0,42681.0,12,5,27,114,16,1,1,1,4,1
56,92161.0,12354.0,14,5,22,119,13,1,1,1,6,0
70,25051.0,25072.0,18,1,8,5,15,2,2,0,8,0
66,64718.0,10552.0,18,5,20,355,8,2,1,3,3,0
45,79456.0,23554.0,10,1,20,158,12,1,0,2,10,0
61,33202.0,22882.0,19,1,18,291,3,0,1,3,5,0
36,49475.0,770.0,11,3,1,258,11,1,1,3,8,1
44,54350.0,28606.0,13,4,26,52,11,2,1,1,1,0
48,86362.0,39439.0,12,1,28,292,1,0,2,0,2,1
72,117670.0,46845.0,19,2,29,201,11,2,2,1,5,0
66,103624.0,16870.0,15,2,29,220,14,0,1,0,4,0
45,38976.0,44089.0,3,2,27,73,7,2,0,2,5,0
55,21816.0,43998.0,2,5,22,309,11,1,1,0,1,0
29,25191.0,49424.0,8,2,1,340,6,0,2,3,5,0
63,79571.0,18966.0,10,2,13,148,6,0,0,2,8,1
49,35626.0,42619.0,13,1,7,34,3,0,2,1,8,0
48,43128.0,28471.0,10,1,6,309,7,2,1,3,2,0
61,104739.0,3384.0,10,1,24,324,16,1,2,3,4,1
54,107388.0,13881.0,18,3,24,185,18,2,2,1,6,1
22,103903.0,33766.0,7,3,15,211,13,0,2,0,6,0
34,45366.0,8449.0,10,3,22,82,12,2,2,1,9,1
28,81968.0,22019.0,11,5,3,25,12,2,0,2,4,0
59,81077.0,38857.0,9,3,6,344,10,0,1,3,8,1
20,38524.0,7913.0,19,1,25,176,9,1,0,1,10,0
29,75354.0,25081.0,19,2,13,101,12,2,0,2,3,1
52,72525.0,11135.0,10,2,16,253,15,0,0,1,9,0
57,59616.0,27056.0,9,5,13,10,8,0,2,0,3,1
46,95166.0,12415.0,12,2,6,30,11,2,1,1,4,1
67,87762.0,48288.0,4,1,24,89,9,1,2,0,7,0
70,73265.0,4296.0,9,4,22,165,6,0,0,1,7,1
25,92576.0,48197.0,5,3,20,134,6,2,0,1,6,1
72,96310.0,39697.0,3,1,10,69,2,2,2,1,2,0
53,76693.0,42854.0,2,4,19,128,9,0,2,3,1,1
54,46767.0,42649.0,12,2,28,122,14,0,2,1,10,0
23,95842.0,9786.0,1,5,19,191,14,0,0,2,10,1
53,91761.0,46589.0,13,5,14,205,19,2,1,2,10,0
59,118341.0,29916.0,9,2,8,322,1,0,0,2,6,0
51,34978.0,48126.0,7,3,15,294,15,2,2,1,10,1
22,61927.0,43968.0,15,3,11,107,16,1,0,3,5,1
47,112422.0,29190.0,11,4,18,329,9,1,2,0,0,1
71,71458.0,19035.0,14,1,1,190,6,2,0,1,2,0
59,114262.0,6305.0,14,2,5,69,7,2,0,3,3,0
25,21246.0,5504.0,1,1,23,124,13,0,2,1,4,0
72,23516.0,19790.0,5,4,11,271,17,0,1,2,11,0
72,99602.0,40642.0,11,1,12,300,13,0,1,0,3,1
27,55843.0,25514.0,19,3,16,137,10,2,1,2,7,0
63,72023.0,24347.0,3,4,13,58,13,1,0,3,3,1
41,62800.0,12600.0,3,5,22,70,2,0,2,2,7,0
51,60796.0,28437.0,18,2,7,38,12,0,1,2,6,0
43,113947.0,32084.0,19,1,22,255,1,1,0,3,1,0
62,29407.0,49116.0,4,4,6,184,19,2,1,1,5,1
74,97221.0,36606.0,8,1,11,165,17,1,0,1,1,1
63,108965.0,30556.0,12,1,17,245,10,2,0,0,10,0
71,85741.0,45548.0,4,5,26,302,8,2,1,2,8,1
71,59500.0,21536.0,7,5,6,290,14,2,0,2,11,0
23,36001.0,46779.0,8,4,17,50,13,1,0,3,10,0
32,88258.0,18814.0,13,5,1,215,14,2,1,2,2,1
59,66879.0,6825.0,6,1,2,322,10,2,1,0,8,1
51,34937.0,21172.0,8,1,23,282,5,1,0,2,1,0
20,55965.0,6873.0,6,2,21,120,2,1,2,3,11,1
23,116154.0,6360.0,15,1,11,143,6,2,2,0,9,0
47,46538.0,44119.0,3,5,18,325,11,1,0,1,8,0
53,37844.0,39840.0,5,1,11,12,9,0,0,3,11,1
27,88197.0,11449.0,5,3,8,192,10,2,1,1,10,1
27,39954.0,41966.0,18,5,12,43,6,0,2,3,10,0
25,111990.0,3910.0,18,4,9,326,18,2,0,2,1,1
50,105898.0,14577.0,10,2,24,15,7,1,2,2,0,1
18,118353.0,35452.0,3,3,12,9,17,1,0,2,11,0
50,111258.0,15537.0,15,3,9,120,8,0,0,2,3,0
45,44376.0,36659.0,10,4,16,73,9,1,2,3,5,0
44,41214.0,43779.0,17,3,22,181,12,2,0,3,0,0
56,54263.0,3770.0,7,2,8,110,5,0,0,1,7,0
47,66980.0,1686.0,19,4,28,130,5,2,2,3,9,1
59,107999.0,47030.0,16,5,13,206,8,2,1,2,10,0
61,93349.0,26262.0,5,3,19,205,16,2,1,2,6,0
70,84443.0,25570.0,14,1,28,341,3,1,2,1,7,1
63,107836.0,23451.0,6,3,12,175,9,0,1,1,6,0
47,84588.0,21963.0,7,5,5,206,13,2,1,2,5,0
46,57905.0,34661.0,5,5,22,247,14,1,0,1,6,0
31,61300.0,29197.0,13,3,0,64,9,1,1,1,11,0
52,71701.0,8587.0,5,1,13,243,2,2,0,3,3,1
25,28877.0,31518.0,13,3,29,314,1,2,2,1,5,1
71,94171.0,33582.0,12,5,12,116,9,0,1,2,7,1
66,85277.0,6123.0,15,5,20,65,16,2,0,0,6,1
24,93113.0,19148.0,19,1,15,127,1,1,2,0,0,1
62,73394.0,39630.0,1,2,6,101,17,2,0,3,3,0
24,98296.0,31126.0,19,3,9,213,13,1,0,0,7,1
59,114975.0,7250.0,3,1,15,315,1,2,2,3,8,1
22,76993.0,2484.0,11,5,3,218,7,2,2,3,8,0
45,64438.0,29269.0,7,1,12,46,5,2,2,1,11,1
55,30461.0,23355.0,13,4,12,115,19,2,1,3,8,0
59,97867.0,48072.0,14,5,25,251,11,1,2,1,6,1
41,110397.0,26351.0,17,4,3,121,7,0,0,3,3,0
70,89949.0,46608.0,8,4,25,214,6,1,1,0,4,0
62,106557.0,11109.0,18,2,12,253,11,1,0,1,9,1
29,106119.0,22643.0,7,5,19,120,1,2,1,1,5,1
56,99809.0,7411.0,4,3,16,236,5,1,0,3,8,1
59,70288.0,28924.0,8,1,8,145,4,1,0,0,1,0
37,29986.0,9829.0,11,2,27,50,12,0,1,3,1,0
60,20324.0,24867.0,13,2,6,136,13,2,2,0,2,0
69,40439.0,17534.0,16,3,1,161,9,1,1,1,2,1
64,63102.0,9693.0,5,2,22,1,3,0,1,2,7,1
61,94360.0,5292.0,6,3,18,325,8,0,1,0,7,1
54,65580.0,25846.0,18,3,26,193,17,2,1,1,6,0
33,22314.0,47392.0,9,2,13,14,4,0,0,3,3,0
63,41034.0,10338.0,5,4,0,316,4,1,1,3,6,1
38,117922.0,20547.0,19,2,0,312,3,1,2,0,1,0
48,118802.0,11618.0,9,4,12,5,16,0,0,2,5,1
35,57714.0,40543.0,19,2,7,60,3,0,1,2,1,0
35,100498.0,21037.0,18,5,27,133,12,2,2,0,0,0
26,91931.0,48733.0,18,2,3,185,19,1,1,2,1,0
72,113126.0,12635.0,12,1,26,265,13,0,0,2,1,0
26,108757.0,4496.0,16,1,6,155,8,0,1,2,5,1
22,82874.0,29334.0,19,5,3,223,4,1,2,1,6,1
71,59462.0,32757.0,6,5,8,4,1,2,0,1,7,1
49,82665.0,49541.0,1,2,4,240,3,2,1,2,5,0
42,51913.0,43634.0,7,4,12,334,19,0,2,2,2,1
60,54809.0,44266.0,13,3,9,192,3,2,0,0,0,0
39,80874.0,31894.0,11,1,15,166,1,2,1,0,8,0
25,77139.0,18310.0,2,3,16,109,16,0,2,2,11,0
59,78098.0,21736.0,11,4,0,348,8,0,1,3,3,1
28,58467.0,7120.0,4,5,3,13,7,2,1,0,2,1
49,60913.0,21838.0,10,5,4,105,14,1,0,0,3,1
72,21019.0,18539.0,11,1,5,51,10,2,2,3,2,1
71,80177.0,2276.0,13,2,2,316,18,0,1,2,2,1
38,77578.0,10621.0,8,3,9,176,9,0,2,3,5,0
62,113538.0,26962.0,8,1,16,336,14,0,1,3,9,1
52,70427.0,18782.0,13,3,9,243,17,0,1,3,8,0
45,66764.0,49680.0,15,1,9,203,9,1,1,0,11,1
25,26768.0,24187.0,16,1,14,189,6,0,2,1,4,0
39,39674.0,47956.0,7,1,16,74,19,2,2,0,5,0
55,53803.0,33205.0,9,2,9,205,5,1,0,0,4,1
74,57720.0,2499.0,7,4,6,250,1,2,2,3,0,0
18,56268.0,10570.0,11,1,12,352,11,1,2,2,4,1
58,59410.0,35436.0,3,5,0,200,19,0,0,0,3,1
66,96891.0,27483.0,9,2,14,342,2,1,0,0,5,0
72,33110.0,15437.0,4,1,28,344,17,0,2,0,1,0
42,53225.0,26343.0,11,2,11,191,16,2,2,1,8,1
24,36287.0,45197.0,17,4,3,160,18,2,1,1,10,0
33,50779.0,19741.0,19,1,21,52,9,0,1,1,11,1
66,88456.0,2733.0,9,1,3,98,5,1,2,3,1,1
68,24676.0,15892.0,2,5,5,320,10,1,0,0,1,0
54,53947.0,46825.0,5,3,4,51,3,0,0,2,11,0
24,22368.0,38207.0,2,2,26,145,17,0,2,1,10,0
24,115489.0,41955.0,15,4,29,255,13,2,0,1,7,0
45,92725.0,45624.0,19,5,17,88,10,0,1,3,3,0
51,44359.0,6316.0,11,2,18,355,10,1,1,3,6,1
19,39819.0,14492.0,4,3,19,237,14,0,1,0,6,1
57,29892.0,3461.0,1,1,18,11,10,1,0,1,10,0
49,67287.0,734.0,19,2,16,90,16,0,2,0,6,1
18,95350.0,41818.0,7,3,29,270,18,1,2,1,0,0
23,78421.0,46878.0,3,1,21,315,19,1,0,2,8,1
43,108103.0,8210.0,4,5,2,338,12,1,1,1,9,0
59,54381.0,36247.0,5,5,11,310,15,1,0,1,3,1
65,47811.0,26977.0,13,2,29,28,6,0,0,1,1,0
42,67805.0,3926.0,17,2,12,266,1,1,2,1,1,0
34,40208.0,45829.0,6,1,6,41,8,2,1,1,10,1
73,117564.0,43626.0,14,3,26,28,17,1,1,1,5,0
44,38576.0,28588.0,2,1,18,252,3,0,2,2,6,0
35,67886.0,35540.0,1,2,16,175,11,2,2,0,11,1
43,72201.0,20163.0,2,3,12,236,4,2,2,0,0,1
18,25704.0,39745.0,18,4,3,310,9,2,2,2,2,0
35,66841.0,22528.0,12,3,11,26,3,2,1,2,9,0
47,65470.0,49464.0,16,2,13,193,14,2,1,1,6,1
70,45943.0,3624.0,1,4,27,304,16,2,0,0,0,0
60,32796.0,9021.0,1,4,9,161,15,1,2,2,8,1
62,24517.0,48453.0,17,4,4,191,14,0,0,1,1,1
49,20858.0,14794.0,2,3,12,182,5,1,2,2,9,0
24,68149.0,15877.0,3,5,29,331,11,0,2,0,9,1
40,28984.0,39668.0,10,2,14,19,2,2,0,0,9,1
74,115933.0,9873.0,12,5,11,320,8,1,2,2,5,0
20,44474.0,25920.0,5,2,20,298,10,2,2,1,3,1
68,85251.0,14659.0,9,2,19,296,13,1,1,2,10,1
57,87348.0,10297.0,13,3,8,151,2,1,1,2,6,0
34,69550.0,48236.0,9,3,29,188,16,2,2,1,7,0
62,108361.0,10394.0,8,4,17,135,9,1,1,0,1,0
65,31069.0,5167.0,2,2,1,92,17,1,0,0,7,0
20,43403.0,33859.0,9,5,12,319,11,1,0,3,6,0
24,45243.0,43431.0,16,2,27,185,11,2,2,0,3,1
55,33541.0,6811.0,12,3,11,264,14,2,1,2,9,0
74,49477.0,35538.0,17,5,17,37,16,0,0,3,1,1
19,51268.0,27269.0,3,3,18,288,3,1,2,3,8,1
55,96480.0,41585.0,1,4,21,240,10,1,0,1,11,0
25,50162.0,6784.0,11,5,26,364,1,1,0,0,6,0
55,107671.0,48806.0,4,5,4,49,10,0,1,3,1,0
53,97267.0,31145.0,12,3,15,197,16,2,0,2,6,1
23,110164.0,42186.0,18,3,16,187,17,2,1,1,6,1
56,30522.0,18417.0,7,1,4,196,6,0,2,2,6,0
69,118456.0,47197.0,11,3,20,20,8,0,2,0,3,0
67,81396.0,31504.0,13,5,3,173,11,1,2,2,7,0
19,118236.0,6783.0,3,3,13,110,8,0,0,2,3,1
32,55484.0,46183.0,18,2,9,225,4,2,0,1,6,1
31,115299.0,39891.0,4,1,4,85,6,2,2,1,7,0
43,78860.0,15359.0,16,2,24,159,8,2,1,1,7,0
26,27182.0,27510.0,13,2,7,226,10,1,2,0,9,1
66,61012.0,19708.0,3,5,7,24,18,2,0,0,10,1
62,33779.0,27403.0,14,3,25,287,11,0,2,3,9,1
64,114127.0,48286.0,4,1,26,261,8,0,1,1,9,1
29,50446.0,44996.0,12,1,1,21,13,0,2,0,10,0
18,42236.0,11169.0,19,5,8,24,15,2,0,0,2,1
69,75289.0,48604.0,19,5,21,310,9,1,1,1,3,0
34,62516.0,22178.0,17,4,23,104,10,0,2,3,6,0
55,29697.0,35389.0,10,1,29,314,5,0,1,1,5,0
69,101649.0,38329.0,11,1,16,182,17,1,1,3,8,0
20,104579.0,24405.0,6,1,0,125,17,0,0,1,0,1
18,94296.0,23104.0,18,4,26,100,4,1,2,3,1,1
18,81675.0,23091.0,10,4,4,240,7,1,0,3,8,1
26,60255.0,43196.0,15,5,3,40,6,0,1,0,9,0
20,74236.0,19623.0,7,1,20,147,18,0,2,0,3,1
64,72099.0,14356.0,15,1,18,126,2,1,1,3,3,1
52,36531.0,18399.0,5,5,1,57,4,1,1,3,6,1
73,28181.0,10146.0,14,5,5,129,6,0,0,0,5,1
63,45325.0,19879.0,1,4,17,193,11,1,1,2,2,0
72,65433.0,6146.0,2,1,7,247,5,1,2,3,6,0
31,36031.0,4942.0,7,1,20,32,11,0,0,3,9,1
34,30666.0,36330.0,10,1,12,318,15,1,1,1,8,0
66,105193.0,4333.0,14,4,17,320,16,0,1,3,9,1
31,57499.0,28626.0,7,5,14,252,2,0,0,2,7,1
21,78422.0,39103.0,1,4,10,337,3,0,2,3,10,0
56,72402.0,36361.0,7,2,10,156,2,0,1,0,2,0
63,93512.0,22580.0,9,4,20,300,18,0,0,2,0,0
73,93981.0,10084.0,11,1,15,265,13,2,1,0,1,1
70,49603.0,46568.0,13,5,17,205,11,0,2,1,11,0
24,104790.0,41840.0,5,5,17,66,16,2,2,0,7,1
62,57125.0,30804.0,12,4,6,203,12,2,1,1,2,0
66,103520.0,4794.0,13,5,27,329,5,2,1,3,10,0
57,60485.0,2241.0,15,3,16,359,10,2,2,2,3,0
64,31099.0,16103.0,10,3,21,164,14,0,0,1,7,0
65,96001.0,8297.0,16,2,26,91,1,1,0,1,2,0
43,23016.0,43087.0,5,5,27,273,12,2,1,1,1,1
20,97235.0,10688.0,14,4,20,28,10,1,1,2,3,1
44,24316.0,14491.0,1,1,23,55,2,0,1,1,2,0
29,40681.0,48798.0,2,5,14,205,6,1,0,0,6,0
24,80336.0,41003.0,17,1,22,361,9,2,2,2,0,1
25,114153.0,11325.0,10,3,9,120,7,2,1,3,2,0
57,60847.0,19485.0,12,1,21,162,6,1,2,1,6,1
46,32065.0,26029.0,12,4,2,118,13,0,2,0,4,1
48,43290.0,33381.0,14,3,27,161,8,0,2,0,7,0
60,109612.0,46840.0,5,3,7,3,10,0,1,3,7,1
49,92673.0,43620.0,4,4,19,217,16,1,1,3,11,0
53,30039.0,48871.0,1,4,0,218,2,0,0,0,10,0
22,58489.0,2511.0,17,2,4,115,7,1,1,0,2,1
66,46453.0,12199.0,5,5,29,97,2,0,2,0,8,0
43,37783.0,28368.0,11,3,25,278,18,0,1,1,7,0
26,104647.0,2931.0,9,1,6,69,4,0,0,3,7,1
64,81771.0,18089.0,4,1,3,18,16,0,0,0,9,1
59,37949.0,8103.0,8,2,24,15,4,2,1,3,1,0
21,85069.0,46679.0,2,4,29,321,7,2,1,0,4,0
29,61356.0,3634.0,4,3,5,133,12,2,2,2,9,0
18,26147.0,7846.0,3,2,19,38,16,1,2,1,10,1
33,64985.0,10158.0,16,3,8,320,4,0,1,3,0,1
23,38523.0,7855.0,11,5,22,55,5,2,1,1,5,1
58,44525.0,28644.0,18,3,12,123,17,1,2,1,3,1
47,107899.0,18535.0,9,1,3,8,7,2,0,0,2,1
73,91024.0,45666.0,4,1,9,248,4,1,1,3,0,1
60,33409.0,13410.0,12,3,16,255,15,1,1,1,6,0
52,105133.0,27092.0,18,3,23,276,2,1,2,1,8,1
47,77430.0,33174.0,11,5,0,96,17,0,2,2,6,1
21,107457.0,31486.0,1,3,28,120,17,1,1,2,4,0
22,94707.0,39920.0,6,4,19,342,17,2,1,2,9,1
53,53932.0,10492.0,18,3,26,300,6,0,2,1,7,1
18,73486.0,25619.0,10,2,27,14,3,0,1,0,10,1
20,73085.0,40128.0,19,4,4,252,9,2,0,0,4,1
30,91994.0,43219.0,10,4,2,296,7,1,0,0,2,0
68,44840.0,31080.0,1,4,23,204,19,2,2,2,5,1
44,53308.0,32768.0,17,1,5,233,13,1,1,2,6,1
58,44479.0,43274.0,15,4,4,1,18,1,0,2,5,1
41,49614.0,31431.0,14,2,14,11,15,2,2,3,9,1
27,36125.0,47467.0,19,4,27,13,14,1,2,0,0,0
39,23654.0,6815.0,4,4,23,58,3,0,1,3,6,1
23,114001.0,17721.0,18,4,15,361,2,1,0,3,5,0
61,27431.0,6053.0,5,5,5,231,1,0,2,2,2,0
28,108798.0,4983.0,19,3,10,285,12,1,0,2,7,1
39,20307.0,23861.0,4,1,20,108,4,2,1,0,9,0
73,97735.0,11683.0,11,4,4,342,19,0,2,0,6,0
51,52840.0,20654.0,15,4,15,73,3,2,1,0,1,0
44,71766.0,22173.0,2,1,0,329,18,1,0,2,0,0
48,48222.0,31235.0,2,1,9,12,13,0,0,1,5,1
62,69060.0,47311.0,17,2,7,8,3,0,1,0,8,0
32,65156.0,42544.0,2,5,20,29,2,2,2,0,3,0
54,72974.0,19226.0,12,3,27,289,8,2,2,0,3,1
67,59328.0,16616.0,18,5,4,94,7,2,0,2,10,1
50,73656.0,38653.0,12,5,23,165,6,1,0,2,0,1
43,102545.0,6620.0,10,3,19,172,11,1,2,2,0,0
26,63456.0,27253.0,8,4,29,288,3,1,0,0,1,1
32,56137.0,21439.0,13,2,27,127,3,1,0,0,11,1
71,33175.0,9549.0,11,1,3,3,14,0,1,0,5,1
48,55971.0,31014.0,10,2,22,141,19,0,1,3,1,0
35,32566.0,16376.0,3,3,17,105,6,2,0,2,3,1
41,38250.0,9687.0,13,1,3,267,18,1,0,1,11,0
50,115224.0,32832.0,15,2,7,274,7,0,0,0,8,0
48,28941.0,9122.0,14,1,27,34,7,2,1,1,2,0
57,68203.0,33806.0,2,4,16,289,2,0,0,3,2,1
32,103430.0,8523.0,14,5,10,26,9,1,0,0,0,1
55,115320.0,22020.0,14,5,9,226,10,0,1,3,9,0
43,34671.0,40495.0,4,2,25,142,13,1,0,1,1,1
71,36357.0,11817.0,17,3,8,110,4,1,0,0,3,0
27,57259.0,38497.0,10,5,4,176,4,2,1,3,4,1
26,75441.0,36234.0,9,3,17,113,9,2,0,2,7,0
44,115980.0,45181.0,14,2,29,289,2,2,1,2,7,0
46,40771.0,8859.0,10,2,5,352,3,0,1,0,9,0
57,36439.0,35898.0,11,4,7,297,12,0,1,1,3,0
41,45318.0,46865.0,6,3,14,160,19,2,1,2,4,0
70,107431.0,38269.0,18,5,5,184,11,2,2,2,4,0
45,23005.0,9801.0,19,5,19,163,3,0,0,0,0,0
25,58013.0,41196.0,3,1,7,289,19,0,0,2,8,0
24,31895.0,5811.0,14,4,3,202,10,1,0,3,6,0
73,35707.0,29647.0,1,2,7,171,14,0,2,3,5,0
25,111684.0,25133.0,8,3,27,150,4,0,2,0,11,0
72,20166.0,26788.0,19,2,28,137,11,2,2,3,2,1
33,52153.0,26217.0,4,2,15,202,2,1,1,2,11,0
23,111542.0,2058.0,8,2,12,251,12,0,1,0,8,0
35,80812.0,25655.0,5,1,24,158,4,1,1,0,2,0
53,27175.0,46868.0,14,4,5,294,18,1,0,3,8,0
42,66501.0,22115.0,9,1,19,301,2,1,1,0,9,0
62,117094.0,14207.0,12,2,20,157,13,2,1,0,4,0
52,60045.0,49743.0,18,1,21,331,3,0,0,1,4,1
40,72863.0,5400.0,10,1,6,63,14,1,2,2,10,0
54,73188.0,24570.0,14,2,21,340,10,2,2,2,1,1
73,86044.0,25873.0,2,5,18,108,19,1,0,2,0,1
41,38723.0,24158.0,5,5,26,206,13,2,2,3,7,1
26,103968.0,46125.0,18,2,5,104,8,1,0,3,10,1
41,118860.0,21377.0,17,3,18,161,2,1,2,0,6,1
65,34255.0,48678.0,13,5,24,124,12,2,2,0,1,0
30,101830.0,3807.0,8,2,8,257,9,1,0,0,6,1
72,101690.0,36829.0,4,5,22,30,1,2,1,1,3,0
51,94161.0,29851.0,17,1,2,306,12,2,0,1,9,1
52,57087.0,12407.0,15,2,21,329,4,2,2,3,7,1
36,66875.0,11784.0,5,2,18,205,5,0,0,1,4,0
70,103921.0,36124.0,12,1,5,200,1,1,0,0,7,0
20,35287.0,32061.0,12,5,1,255,8,2,0,3,8,0
35,102874.0,30752.0,10,5,22,73,5,1,0,1,8,0
41,112066.0,3016.0,18,2,7,273,2,0,0,3,4,0
45,88186.0,30095.0,3,5,14,80,9,0,1,3,6,0
45,54138.0,49078.0,5,4,1,247,5,2,1,3,0,0
26,75915.0,1357.0,2,5,28,112,3,0,1,3,4,1
30,25010.0,23715.0,14,5,16,272,9,0,0,0,4,0
23,113180.0,24971.0,13,3,27,288,2,2,0,2,6,1
50,54240.0,44889.0,19,1,4,76,19,0,2,1,11,1
37,25709.0,14500.0,11,5,6,225,9,2,0,2,11,1
50,99445.0,24040.0,3,4,18,182,19,1,0,2,5,0
51,85755.0,36001.0,9,5,18,108,17,2,1,2,7,0
58,82270.0,3486.0,2,5,23,215,19,1,0,1,1,1
49,25409.0,40153.0,13,1,27,362,11,2,1,3,5,0
54,95083.0,41199.0,13,3,24,1,9,2,2,2,8,1
51,83731.0,36122.0,17,1,4,349,14,0,0,3,8,1
55,99363.0,32585.0,7,1,9,312,2,2,2,0,11,0
53,102733.0,37506.0,6,5,27,193,16,2,1,3,5,0
36,41195.0,39196.0,2,5,16,223,7,0,1,1,10,1
32,41063.0,45218.0,8,5,26,135,1,0,1,1,11,0
62,112378.0,21694.0,10,5,16,48,5,0,1,3,6,1
37,73102.0,23074.0,15,4,1,209,5,0,0,1,1,0
49,63798.0,32077.0,15,3,14,298,1,1,0,1,4,0
29,48720.0,10057.0,3,5,24,85,13,2,2,3,9,0
42,83901.0,42883.0,6,3,19,262,2,1,0,3,6,0
48,95395.0,38640.0,10,4,3,273,17,0,2,1,11,0
53,20230.0,31737.0,7,2,6,277,9,1,1,1,9,0
48,75263.0,15431.0,1,4,25,124,14,0,2,0,0,1
38,119336.0,17709.0,17,5,29,143,7,2,1,0,10,1
72,48064.0,22031.0,14,4,22,152,3,0,1,2,4,0
47,48089.0,33295.0,10,3,2,311,4,2,1,1,9,0
