sqft,bedrooms,bathrooms,age_years,distance_to_center,neighbourhood_code,condition_score,garage,floors,price
812.0,5,3,62.0,25.360593079790924,9,4.726248239191261,0,2,49042.55603812211
3208.0,4,1,54.0,13.66849001823943,12,6.1345823765103225,0,1,58334.93206644133
2791.0,3,2,74.0,28.612767266023052,9,1.0057807332988635,1,2,54832.16692417821
2036.0,5,2,76.0,19.698440396673234,9,6.80385803210076,0,2,54098.67838921408
2015.0,1,3,56.0,3.919016526917858,7,7.463582129151431,1,1,56608.81150527411
3505.0,5,1,30.0,26.61024315269062,4,6.103984289399131,1,3,63598.04166481287
800.0,5,2,48.0,14.933323129508535,4,5.4690293533925445,1,2,56611.36210290339
2940.0,3,1,34.0,4.678349555200697,11,8.289428263405375,0,1,71557.67564170994
1205.0,4,3,50.0,5.0043589483219115,1,7.132354454487176,0,3,52667.42449808234
829.0,3,2,65.0,20.78225108574122,2,3.502666357480207,0,1,48600.03602010699
2342.0,2,2,30.0,1.8974889485199486,6,9.631660042719872,0,2,71882.66796542204
3914.0,4,2,40.0,8.954516064957492,11,7.365404747758067,0,2,71870.00398403108
3075.0,2,1,4.0,4.6237339188611095,10,9.891450360211822,1,2,208999.5836714817
3163.0,2,3,59.0,13.511784173709886,9,9.741351846419816,0,3,55989.70546170995
3011.0,3,2,39.0,12.723436273833657,8,9.270187505290808,1,3,64004.174564675035
3251.0,5,1,37.0,15.895354823321249,2,7.798343871027768,0,2,60471.18311371328
2296.0,2,2,43.0,8.749271708524642,5,6.484864316472707,0,3,56958.025738236065
948.0,3,3,18.0,1.4452858866562273,2,2.549535973146318,1,3,66262.74758102544
3439.0,1,3,48.0,18.62439014278798,11,5.890162756813819,0,3,53073.34884540742
2076.0,1,2,59.0,11.524681085029364,11,7.888388701548946,0,2,49700.810879102
2251.0,1,1,28.0,19.71438246283137,4,5.687714428350111,1,1,56213.833976620015
1797.0,1,2,11.0,3.7056756387259195,5,8.81415215565092,1,1,82689.1212191186
1138.0,5,2,31.0,0.9064319811744848,5,1.9869030927252844,1,2,65067.12822088082
3743.0,5,2,16.0,7.824680312616136,13,4.428463132437707,1,2,73813.05998217654
3235.0,5,1,30.0,13.96814602832454,7,5.553679767342915,1,1,67572.36340885094
2753.0,1,2,50.0,12.125123237969785,11,4.890927662821973,1,1,48893.940684890724
1908.0,1,2,9.0,24.40392538056726,7,1.9772789303939777,1,3,63724.9468942551
3379.0,2,3,60.0,11.646210503688307,10,2.381754646401675,0,3,52246.12415035807
2409.0,3,2,18.0,16.148014798290827,8,8.538555635699385,1,3,76509.78899273889
2051.0,2,2,71.0,18.00870997704467,4,5.359458332813059,0,1,48159.571450582574
2076.0,3,2,58.0,1.1440260535514424,13,1.4385018407745487,0,1,59791.398523853546
1295.0,1,1,22.0,15.696434616962575,10,1.1484213307988491,0,1,52969.59975167275
822.0,4,1,45.0,10.672522152265717,11,5.261278617948939,1,3,57655.392616245284
2441.0,2,3,9.0,12.927763766656012,14,2.4794085333199933,0,2,57644.24626654102
3607.0,1,3,8.0,3.4584782556098825,4,7.346133513992997,1,3,119262.82500098755
723.0,4,3,76.0,23.593206686635035,2,8.157911162749762,0,2,47472.34968752564
3504.0,5,2,64.0,28.300925398851415,9,3.0546703761139504,1,2,55795.982867106584
3396.0,1,1,13.0,1.1569302085732,5,6.329592503936027,1,2,94938.64475070153
1468.0,3,3,23.0,18.24049650293476,7,2.390001791368474,1,3,58940.78702694072
2710.0,5,2,16.0,23.033399985006564,4,3.732243864349483,0,2,60856.79316561846
1078.0,4,1,32.0,8.901823865171737,6,8.9991594476329,1,2,61034.474479293276
3153.0,5,3,24.0,23.732889753464896,6,5.896882823340797,0,3,71563.06286081263
2951.0,3,3,26.0,19.154473997605887,5,8.972998256297801,1,2,64071.416505900736
1740.0,2,3,42.0,27.910297651996565,11,3.0272302376155626,0,3,55407.7560613402
737.0,4,1,15.0,29.439641934936297,9,3.970219089237994,1,2,58218.83512271233
3897.0,1,3,70.0,1.7492103629617917,7,5.2385692461113536,1,3,60475.94142591036
2059.0,2,2,58.0,13.625663950296683,2,5.320720676750886,1,2,49486.99463096763
3625.0,4,2,61.0,16.636139733557435,8,9.978831704653304,1,2,66374.38873346243
2872.0,4,3,14.0,4.8289253796257485,3,2.030007870740171,0,1,55421.80809869867
3224.0,1,2,56.0,10.42043199760717,5,8.667685320414318,1,2,60199.72757457419
3159.0,3,1,67.0,29.635599708815622,6,8.773138354796831,0,1,58443.8584843197
1181.0,2,1,14.0,0.9787984621029076,2,5.978787683840086,1,2,73273.10994210336
1773.0,3,2,60.0,13.84898397996933,6,4.0963345143323835,0,3,50542.530886322966
2133.0,5,3,29.0,25.358311340686786,4,5.6730349385946655,1,2,55898.60328792353
2242.0,1,3,63.0,10.055087250219009,12,3.632209343259074,1,2,53990.2244069913
653.0,5,2,38.0,14.654055831277024,13,8.191967035959456,1,1,57674.30523020607
2412.0,3,3,64.0,29.352349500745408,1,5.484512428392971,1,3,63967.39807740445
1040.0,4,3,12.0,14.508866676033264,9,9.332579609897055,0,2,60609.76277181292
3101.0,3,2,31.0,4.362178708321721,9,6.604222099204394,1,2,66813.78489993945
2890.0,2,2,22.0,2.0257840041585364,6,5.62887399803215,1,1,65215.902688897106
3728.0,4,3,20.0,28.38978888697848,7,7.399624185798871,1,1,82166.0341743673
3106.0,4,2,25.0,8.341377691614438,12,5.535396679872108,1,1,61058.301724590914
1783.0,1,1,31.0,15.369885243654252,6,9.140557153775024,1,3,58365.46899771483
3886.0,4,3,11.0,3.1757020996540737,1,2.6600136479815717,0,3,69497.68235777882
1937.0,4,2,56.0,12.997826056242848,6,9.76013815371315,1,1,57205.06326815571
1640.0,2,2,44.0,27.93811281787866,4,8.309714966660728,1,1,57893.696352348015
3669.0,5,3,66.0,15.321183312112682,6,8.746600256783825,1,3,62384.64747832479
1796.0,4,3,56.0,29.148486978168673,4,5.34617049133964,0,2,53748.322565095164
767.0,2,1,12.0,8.13565129850329,3,8.534813944038376,1,1,56620.539688530866
2143.0,1,2,6.0,15.384084571266147,14,3.760966752194846,1,2,80536.12356209078
3284.0,4,1,34.0,25.856158358375094,2,7.857533607077577,0,1,65345.88637903393
1163.0,2,2,39.0,13.723444459335441,10,2.264051425501204,0,1,56900.102205378935
2120.0,4,2,19.0,8.744877520320593,11,3.7634672436625785,0,2,56604.9340918183
954.0,3,2,62.0,25.736523220827507,9,5.011593970237596,1,3,45281.50168367125
2902.0,3,3,46.0,12.001739331741966,13,3.9008774632907968,0,3,55613.89675486681
2164.0,1,2,60.0,16.156337086276906,1,4.483154040617652,1,1,59230.914256932636
1655.0,4,2,9.0,29.307548459246796,5,8.380942703053282,1,2,81832.3525409977
1294.0,1,2,65.0,6.001257195297985,3,3.3100830292795083,0,3,52155.62401164956
2475.0,3,1,17.0,9.391318783245477,9,7.70753054939115,0,3,69895.44893690648
2844.0,5,1,36.0,1.4165532020602782,9,1.6634086220048667,0,3,66982.18329048078
3791.0,5,3,35.0,12.059212442346556,13,7.891651967635547,1,1,63652.035220983715
2030.0,5,1,65.0,6.405411202253356,6,8.128209185467956,0,1,53627.84874889287
1062.0,5,1,22.0,20.561030594532795,4,4.615288979522338,0,1,57307.81098378248
3414.0,3,3,20.0,5.848983033592645,13,7.502300408507234,0,1,69620.19558471923
2704.0,2,1,27.0,20.406976195973154,10,9.236245633705892,0,1,74279.34914590848
2950.0,5,2,29.0,8.272525131584871,11,8.206416761990742,1,1,70494.9922224932
840.0,5,3,15.0,10.978926106575393,7,4.514018593572639,1,2,59698.28320374389
1593.0,5,2,14.0,10.791389235368726,7,5.35792162852058,0,2,65435.91037087938
3187.0,4,1,19.0,21.644176629826475,6,8.014217903072248,0,2,76678.95869218388
3412.0,1,1,37.0,14.26202326258112,11,3.633351308642112,0,1,52990.2476905581
2023.0,3,3,28.0,11.15831751615415,3,8.234944662779862,1,1,62214.384144834265
3316.0,3,1,31.0,25.652370211663772,14,3.9526402830484706,0,3,54798.76469186833
3445.0,5,3,57.0,17.372543456415478,3,8.253915241469844,1,2,62570.232772781994
1856.0,2,1,20.0,6.808009227700935,7,1.7812039901565102,1,1,58122.85303293551
3643.0,2,1,72.0,27.052692705238638,5,1.3995756721953112,0,3,57914.59502886459
1509.0,1,3,60.0,10.608183732992398,9,9.979079026328401,0,3,57504.9550725865
1338.0,5,3,14.0,1.6498916373509516,10,8.825114109112201,0,3,76766.50287129411
2888.0,4,3,25.0,15.09070660724636,13,8.945627531195836,1,1,70097.50732350738
2728.0,1,3,15.0,4.156172606005895,12,9.561519528459558,0,2,85199.6766401923
989.0,3,1,22.0,7.534760089614405,4,4.944846784730391,0,3,57738.75450420018
3414.0,3,3,29.0,22.539770744278627,3,3.58151999212137,0,3,57272.45173141853
1199.0,3,3,11.0,4.357178494601398,13,2.170224955161127,0,1,58143.255922515506
3317.0,5,1,2.0,24.304854618444054,7,5.510882201846181,0,3,228803.52920225196
525.0,1,1,35.0,28.138764999863135,2,2.9804348842894703,1,2,47590.818449389895
3288.0,2,3,56.0,18.392696962034368,12,9.419957710653877,0,2,64242.320284500885
3254.0,1,1,24.0,21.455596164673462,10,1.036028461985012,0,2,56955.14493414366
3231.0,2,3,68.0,21.550804992268812,1,2.288770639688094,0,3,48548.62043286086
2826.0,5,1,30.0,29.787834739478125,11,3.218282677750841,1,1,59181.95488484542
2150.0,5,1,72.0,10.575378734947874,9,2.7906104043387554,0,2,50401.39112247332
2968.0,1,1,19.0,5.304268261659724,9,3.0320059292173926,0,3,61426.39435507919
1469.0,4,1,43.0,15.815433429972483,13,6.9044284455506055,0,2,61230.00554283628
3232.0,2,3,61.0,16.230869390035394,7,3.947608704818343,1,1,58150.29680015702
2444.0,1,3,5.0,5.748418404736262,7,6.535219437130359,1,1,118930.7276139278
2106.0,2,3,74.0,18.586727860327116,9,9.012321402816621,1,2,63589.081619723365
2269.0,1,3,29.0,0.9166796375663071,3,6.4230108897313185,1,3,68038.7908034056
2490.0,3,1,40.0,27.866217872399535,3,7.250795121577433,1,2,55294.78471825655
630.0,5,3,50.0,8.304941195727219,12,4.289529683992216,0,3,49288.306666398224
989.0,3,2,51.0,1.6670261475106583,4,2.4376462086043826,0,2,55887.968808434875
1359.0,4,2,2.0,3.693358523508283,8,3.885256562049155,0,2,95736.97794903678
900.0,3,3,69.0,7.58734397424943,4,9.678543838336973,1,1,52982.00901860214
2038.0,1,3,50.0,8.580231973878334,4,6.596302460078234,1,2,54282.84471201802
2839.0,1,3,79.0,1.4678949851829959,9,3.4976000749061367,1,1,62578.86974068695
2790.0,2,2,38.0,8.74096695971501,12,5.058237404458935,1,3,60034.17642368349
2148.0,2,2,49.0,6.191781226557723,7,8.519617336878948,0,1,56591.638962343175
3492.0,5,3,35.0,11.669317359318299,2,7.0159921363519615,0,3,67305.15584888689
2478.0,5,1,71.0,11.86244825200109,4,6.045875566562514,0,1,58064.679209667294
777.0,5,1,66.0,10.500728347784932,3,8.966465889704569,1,2,49874.09840365646
3177.0,4,2,72.0,10.173754564155768,13,7.0519561499511125,1,1,55160.25618444544
2511.0,3,1,40.0,3.147072693366911,5,6.784567577119859,0,1,52460.47804123708
2721.0,4,1,63.0,1.243545940221784,6,2.707913234896913,0,3,55854.47847378987
2478.0,3,3,29.0,6.462371854615764,1,1.9574981471116701,1,1,51811.51919887768
2437.0,4,3,37.0,22.82115810879015,7,9.686279053516591,1,2,63505.68355564572
816.0,4,2,61.0,29.7288880837581,13,6.3897253309031745,1,3,48122.61411096308
2457.0,4,2,7.0,27.89152216419121,6,4.741150682317862,1,2,81510.61959507655
3282.0,4,2,57.0,15.374470988364175,10,6.301187388191958,0,1,52821.70641253974
1563.0,1,3,2.0,16.188803745449057,3,1.5563076496454384,0,2,75652.91022356054
2609.0,4,2,46.0,9.780156286557355,3,8.39914546513696,1,2,62316.71694261608
607.0,2,1,38.0,23.33121343981086,11,2.9498098200790235,1,1,53040.785225403226
1716.0,4,2,38.0,23.060322294013133,1,8.240914056861524,1,1,57927.78971259255
2028.0,3,2,40.0,25.406034548682115,7,5.809405989372496,1,2,49888.999062689334
3939.0,5,3,39.0,26.91738502730809,5,3.489148122912125,1,2,54846.82168132549
1251.0,2,3,33.0,13.313302822646225,1,1.271889534178634,0,1,50025.15753451313
1467.0,5,3,36.0,23.12282925916233,8,8.34250019793945,0,2,55557.96315633057
1929.0,5,2,45.0,24.28876249947842,14,2.58814127322376,1,2,52941.77966083069
3974.0,2,2,61.0,9.59955886368363,1,1.4662460407588611,1,1,58868.05868562114
3486.0,3,2,44.0,27.912646198181424,12,7.802899577432927,0,2,66092.45247862679
621.0,3,1,51.0,3.283074327869836,8,4.150389001356809,1,3,49958.537160651125
1318.0,4,3,67.0,29.830940785316844,11,4.5040060503248505,0,2,54922.571094595376
3375.0,4,3,79.0,23.21767618568665,2,3.223608285526471,0,2,55842.265524253846
704.0,5,3,9.0,3.251491707067654,13,8.732606308272075,1,3,63392.06486321683
3494.0,2,1,57.0,19.858774619097517,1,3.6759657349587886,1,2,58532.89536463752
1484.0,3,1,18.0,1.5082926223836746,13,2.8917331277592146,0,1,60732.6079281648
3711.0,3,3,16.0,23.220515008603396,10,3.783247537025405,0,2,62128.984141253415
1527.0,5,2,63.0,24.07707618894213,5,2.8283461765065727,1,2,53675.466988361826
2020.0,2,3,6.0,18.271102466197707,1,3.858896987246867,1,2,77430.92855929695
2816.0,3,2,67.0,25.777381561538828,9,1.7464260058135572,0,1,50911.13113908885
941.0,1,2,61.0,3.3875567663383612,2,2.426770262075125,1,1,53545.27065175778
2449.0,5,2,79.0,8.63975334020399,9,4.753475950565331,0,2,51120.44075411266
2267.0,2,3,53.0,12.71823688698378,11,8.915201700308888,1,3,60944.97445233813
3243.0,2,2,69.0,1.7525096084288991,4,1.5156167205005726,0,3,56950.46541167827
3986.0,3,3,10.0,13.722374583349401,4,2.914072360840276,1,3,74650.47284852454
2825.0,3,1,71.0,8.323796955320695,4,9.175111079874366,1,1,59984.80977806193
1932.0,5,2,13.0,12.085682857001713,4,9.010132067439296,1,2,72816.86007602143
1922.0,3,3,25.0,13.040527643773041,2,7.115057499663472,1,2,57995.74012888886
1962.0,3,3,11.0,26.44264613788671,4,3.1642619868571416,1,2,52494.846472341036
3349.0,1,3,32.0,8.475058630565353,10,4.778295049502072,1,2,63525.1428083653
1624.0,1,1,60.0,26.865422297130024,5,2.900988949941685,1,2,46912.04030306638
1084.0,2,3,22.0,13.066143461979053,11,2.157296582126829,1,1,53441.40957726196
1670.0,5,3,65.0,10.170327760472587,12,4.419985550625023,1,3,54794.020418652304
579.0,5,3,48.0,15.324105455386809,11,6.182394445633152,1,3,54643.79173829915
871.0,4,1,50.0,12.82342694770377,8,4.239394079183247,1,1,47260.24108689471
815.0,4,3,75.0,8.09248323512681,5,6.497420954193728,1,2,52377.404604289695
3200.0,2,3,35.0,15.329040081483974,14,3.666292618413749,0,2,64287.98222005366
3028.0,1,3,28.0,4.978151125825523,3,4.112654749847112,1,3,68018.14944559846
2938.0,1,1,79.0,10.8819333191775,7,8.116062324801486,0,3,61052.98321943091
2116.0,2,3,45.0,17.19081147153567,7,8.904832578044722,1,2,60356.779514778245
3009.0,2,1,49.0,12.695543209500828,11,3.8983067337794686,0,3,51404.3134269506
1064.0,1,2,24.0,24.805414650998497,8,6.143642212107486,1,3,58832.73037583387
3652.0,2,2,18.0,8.073291965287403,12,3.5034605550304123,0,3,64799.13935742149
2253.0,1,2,14.0,29.108261575514796,13,1.4800117753668478,1,1,57433.22209751767
3783.0,4,3,18.0,23.649299615114863,6,7.640714632243672,1,3,79913.0596305552
1033.0,5,1,16.0,29.04399426692543,13,2.539031349125353,0,2,52905.16908419981
2240.0,4,2,59.0,25.225028367493973,3,4.831412713722255,1,1,54746.22993534807
2937.0,3,2,5.0,4.692065812623459,13,5.383409440412411,0,3,116397.58848121164
2234.0,3,2,50.0,16.030572673732905,3,2.660244257611953,1,3,55049.91726957509
2061.0,2,1,75.0,5.514366375275679,12,1.8509981559705664,1,2,50427.134610836125
1081.0,1,1,61.0,24.637706902504092,6,4.132117132039635,0,2,46295.8754591755
1833.0,3,1,32.0,17.73278340090723,14,9.570573167952865,0,2,68270.96019753518
1335.0,3,2,5.0,8.27175477352872,2,6.536220309895793,0,1,96442.58166439435
1555.0,1,2,66.0,27.923169674211554,7,4.432692055626123,0,3,54303.628629700135
2892.0,3,2,1.0,3.89798857277069,13,1.3501973869679342,0,1,125166.3673244014
2705.0,2,2,54.0,17.13394090240376,1,6.402459532519736,1,2,53789.24680542158
2625.0,1,1,54.0,21.7706963626684,4,1.8303187684183533,1,1,54351.61215941273
1766.0,4,1,16.0,2.2360318513067377,2,5.882896639427737,0,3,73024.23916763713
3858.0,3,2,59.0,18.136752979583008,5,7.767554574445686,0,3,55676.33627179515
806.0,4,3,14.0,24.569085856161276,6,4.812268134653078,0,2,55432.026004197636
1699.0,4,1,18.0,2.4920557753325747,9,3.6947034533487195,1,2,61800.63481076154
913.0,5,3,65.0,15.6111676476455,4,1.4264581043583875,0,3,54629.23258962455
1686.0,5,2,78.0,8.12743675538783,3,1.2230008764543712,0,3,50333.192236626
3866.0,4,1,21.0,20.056271320339164,3,4.870239126809691,0,3,61940.63145836981
1781.0,5,2,73.0,4.000982328825925,14,8.95010743632671,0,1,59444.47492739131
3680.0,3,1,73.0,28.14301720477995,14,3.1965650091387134,1,2,58245.9911957472
2232.0,5,1,61.0,26.894493160584588,4,6.166499552036392,0,3,54541.73909099623
2948.0,4,2,12.0,5.986245386333421,3,7.158752377117856,1,1,88525.55107996882
2100.0,4,2,24.0,10.036343588770587,1,1.547468807512253,1,3,51735.34357353208
1430.0,5,3,54.0,17.835231752264768,14,2.377903382230394,1,1,48310.197717742165
3174.0,3,1,79.0,21.68283893071039,10,3.9814911407761038,0,3,57920.094020697994
3892.0,4,3,65.0,13.558352447227618,11,7.030838567337135,1,2,60765.33319238494
1422.0,2,1,34.0,5.110593997848764,5,4.951316010052872,0,3,58133.34554835238
3225.0,5,1,19.0,3.572469067184712,9,7.6077556139642075,1,3,84859.18627674946
1413.0,4,3,76.0,29.993077438973145,1,8.808380790158733,1,1,49231.21471286656
3009.0,4,3,22.0,13.932887582582874,10,7.825350489386886,0,2,69832.74621030212
3261.0,3,2,28.0,26.239686599880695,9,9.930224865819241,1,3,74166.84545908972
2072.0,5,1,77.0,14.730092136558877,5,7.789249618584847,1,1,52529.05416495781
3079.0,1,1,45.0,27.709550337107096,10,8.669612755067055,1,3,65474.73203557024
1452.0,1,2,21.0,3.0889017917607426,10,8.491297226185008,0,1,64201.95382106107
777.0,3,2,1.0,3.8635661443692535,7,7.572391860520419,1,2,166144.30964250496
837.0,4,3,34.0,27.924149537864615,3,8.216216349903014,0,2,54676.33913389744
2064.0,5,1,78.0,28.451044828821157,1,9.412149050806692,0,3,56039.57388918445
3659.0,3,1,35.0,9.784164700228219,14,5.276866406736633,1,3,65934.09910673232
946.0,4,3,56.0,10.97736416631922,4,6.7445832152128915,0,2,54821.17854996439
2095.0,3,1,20.0,13.84728192762536,5,5.634457494154955,1,1,64440.07732647818
2964.0,5,1,62.0,12.776769561985079,10,8.659332884728656,0,2,60391.298261924305
1208.0,4,2,62.0,6.106333870808101,4,4.8822364258435655,0,2,52759.03073472114
3025.0,3,2,49.0,27.00207382621155,6,8.377540940302596,0,3,57741.78085755982
1570.0,5,2,61.0,7.97257422081649,10,8.194191175514248,1,3,56670.95260492537
3330.0,1,3,46.0,21.30553607959072,9,9.656974912317315,1,2,63068.537137698324
2527.0,5,3,30.0,2.4810924931817,10,3.240286293316769,0,3,66501.93135021073
2414.0,1,1,59.0,1.6431642800886692,1,7.38657558897321,1,1,67700.2544106688
1118.0,2,3,66.0,19.78504894101916,7,7.812275478827376,0,1,55778.37483579954
2121.0,5,2,67.0,10.50096779841118,7,9.426506435241992,1,1,58491.149506709364
3498.0,4,1,17.0,19.836052085240038,9,9.16212176249978,0,3,87843.93441712219
568.0,5,3,54.0,3.273625463980496,3,6.161732755376035,1,1,49117.38731764023
3154.0,4,1,1.0,28.52061570751797,3,6.212378672775818,0,2,441330.3705349348
2224.0,4,2,46.0,22.581176773346314,11,2.5056210556380645,0,3,53286.47643260611
3018.0,2,3,46.0,26.349883374261076,10,9.77466432181394,1,3,64157.796282614545
2821.0,1,1,29.0,4.525881344313072,12,3.2951571643308415,1,3,60568.84278226317
2012.0,1,1,79.0,9.944748582339647,4,7.522625966061629,0,1,58660.79024633917
1580.0,2,2,70.0,11.36615284408715,14,8.162155043247813,1,2,51692.04384098117
2695.0,1,3,4.0,16.34659312564115,4,4.970939541502429,1,2,114760.44226786835
990.0,3,1,17.0,9.257620322468721,10,2.900743480261522,0,3,60479.658630901606
2544.0,4,2,17.0,2.288606894587451,3,2.700643457977181,0,2,65651.85741074335
831.0,5,2,71.0,11.381912231755386,13,8.708464008114326,1,2,51295.431228866815
2774.0,3,1,41.0,8.009204781504824,5,5.596808380736634,1,1,58377.081793917605
2700.0,5,3,58.0,11.884678098164839,12,1.8112328383444003,1,1,52101.48399331265
795.0,5,3,64.0,6.3103065072907745,5,7.453175254865998,1,2,53567.387718424456
3151.0,5,2,61.0,8.225943049659696,12,3.2515394752452664,1,1,56536.48149026436
1955.0,3,1,8.0,18.99509404275193,7,8.887552756757913,1,2,104484.40962473192
3254.0,2,1,12.0,11.95053812005292,1,3.7861460742697775,1,3,72157.7911593561
645.0,5,2,32.0,10.688810098500015,3,2.802437470811288,0,2,54815.02673391437
1128.0,2,2,27.0,16.25021616531,10,1.7637259919944088,1,2,45090.30630127555
2228.0,3,2,60.0,23.26988595489581,3,5.6037802297388275,1,1,52579.179463658795
1158.0,1,1,13.0,11.676604712264739,4,5.056638290364586,0,2,64964.50583815303
1654.0,4,2,30.0,17.831825030397297,8,7.761809301428286,1,2,60789.06441122949
2812.0,4,1,19.0,29.0029774483612,4,5.181423284737328,1,1,47467.28447274596
1005.0,1,3,15.0,15.898413366482496,2,4.09434372031934,0,1,58912.56363744313
2871.0,2,3,14.0,27.33902850726756,9,3.3548942406964968,0,3,72085.88552999587
861.0,3,2,16.0,23.913342415564593,10,3.50332070922974,0,3,45905.74766767908
1113.0,3,1,45.0,2.2322011086794165,11,9.350631116450325,0,2,65410.68192477673
2556.0,5,3,33.0,13.158416708343077,14,2.485707418790311,0,3,43107.13330472057
3277.0,2,1,35.0,21.10039303212335,2,9.893587821014352,0,1,72893.00516477211
1097.0,5,3,38.0,29.608001417221896,6,3.9422750967300226,0,1,52578.00048960079
1549.0,3,1,59.0,14.022100589264621,4,1.7955121187574772,0,3,41903.738632872184
3737.0,5,2,69.0,3.2371708967388138,13,3.238213427090785,0,1,58448.15334011256
3963.0,2,1,42.0,17.0792706540296,8,1.5257294159915684,1,2,58240.6794807043
2533.0,1,1,51.0,4.233631867656829,2,8.110267922475243,0,1,61928.34341168726
2064.0,1,3,59.0,22.669827028242103,10,5.612976212869949,1,1,56795.28968074358
1714.0,2,3,55.0,15.476471425122448,1,4.032879569801208,0,2,51451.2986955423
2643.0,5,1,11.0,21.84122536712995,4,6.958446441684062,1,2,76171.70966973118
2568.0,1,3,78.0,26.146173892916448,11,6.675818733552882,1,3,57649.422643743485
1531.0,2,1,14.0,19.053966506301926,8,9.458848803048312,1,3,78474.03592144359
579.0,1,1,33.0,18.566960212968855,11,9.651344650735417,0,2,58613.01778146454
1030.0,5,1,52.0,22.75982371546912,8,7.126153980988647,1,2,45012.877417456235
3854.0,4,2,32.0,25.352422542853688,12,8.360343345197517,0,1,64245.71009873323
1963.0,4,1,20.0,26.13708669517158,8,8.131825903016606,0,1,62834.664995651976
2188.0,4,2,73.0,1.5746907726450574,1,5.421731794299098,1,1,52989.783962600704
2134.0,4,1,6.0,16.907613755534786,1,7.340124592300752,0,3,102987.58754735735
3239.0,4,1,20.0,6.879944639027768,11,1.7043310691521318,0,1,58606.47666365966
727.0,1,2,79.0,25.880203778062608,1,7.822189748352763,1,2,45890.62292244186
789.0,5,3,58.0,19.627731713499156,6,9.656497064731308,0,3,56361.745511801695
1465.0,4,3,7.0,12.896563131456926,1,1.764772778131646,1,3,60656.774623971105
2203.0,4,2,60.0,6.049074729579863,5,8.52504206132669,0,2,55638.54565311859
2848.0,2,1,77.0,10.50119696463488,9,9.396820239843441,0,1,57187.52438393861
2217.0,5,3,8.0,21.261441988936625,3,3.0357000082185586,0,2,59204.162845065155
2044.0,2,3,33.0,6.528606583743344,7,5.7233006884828335,0,2,57242.81106880444
3782.0,1,3,37.0,3.260696887481996,14,9.350724029166896,0,1,72213.38878159517
1063.0,5,3,11.0,26.696848367712754,1,9.642034040706712,0,3,69710.28900280375
2501.0,2,3,16.0,23.044205312613446,1,2.150941459170847,0,3,58730.64217534597
2397.0,1,3,14.0,6.393950454414911,4,4.141038029999056,0,1,66757.66197375878
2157.0,4,2,15.0,9.123190531184754,12,7.28330177035771,0,1,70945.87567748164
3326.0,2,2,32.0,29.17607022536113,6,2.9940264944733728,1,1,57754.26834507652
1434.0,5,1,37.0,21.391442359393963,9,3.9229356577103274,1,3,57666.64508575071
3838.0,3,1,19.0,18.51039912430783,1,1.2096195400422394,1,1,55030.78943672124
1660.0,1,3,23.0,9.575040320011846,11,2.38169512838079,1,3,55800.30390209784
2407.0,5,3,16.0,9.324191752912407,1,6.060965449759695,0,3,68535.81183573959
2322.0,3,3,63.0,1.6659467513617987,10,6.877810596737644,0,2,58388.51719310746
3474.0,2,1,17.0,21.990215073606976,3,6.840206479862532,1,2,80580.98825643123
2036.0,4,2,72.0,1.7736691391780939,13,8.00524423700395,0,3,57861.291355729925
1495.0,3,1,43.0,0.6432914644297316,5,4.737532723649123,1,3,70441.77382740525
575.0,1,3,64.0,22.020105091898884,3,3.4614164461703996,0,1,51193.36153602527
1772.0,4,1,51.0,28.491775835899197,5,1.1402263003827249,0,1,49882.01617105758
3392.0,3,1,22.0,22.81683990795566,1,2.859668434471482,1,2,57894.68039984951
534.0,4,2,48.0,14.41338562341917,3,3.8114903098183355,1,1,49433.189290280345
3636.0,5,3,22.0,14.838334862045754,9,2.6038617083241897,1,1,52450.91604781202
2399.0,4,3,10.0,13.366024468148607,5,1.1813002434694204,0,3,58005.032236445004
990.0,4,1,21.0,10.076988179754842,5,2.417028477986724,0,2,54232.17580639232
1557.0,2,1,22.0,15.890569318482285,12,6.994895982108151,1,2,64056.33391131408
2439.0,2,1,11.0,13.218953235662894,2,6.666268748253362,0,1,78112.85210071433
1604.0,3,1,2.0,18.145952461202853,6,9.421152754582382,1,1,209532.08764837735
880.0,5,2,75.0,26.994542374782288,3,8.183514622575784,0,1,50714.96554302357
2830.0,3,1,41.0,29.852777811052405,7,6.109805051570721,1,2,55137.84434104391
2852.0,2,1,32.0,2.822927051546055,5,2.2380071274389017,1,1,53407.94670645733
916.0,4,2,74.0,11.84816244350957,1,6.076646370326412,0,2,45152.73577077465
1484.0,5,1,18.0,5.8308327751208795,1,1.554355548227627,1,1,60638.27976926247
1353.0,5,1,32.0,10.887553980803244,12,4.877964076697675,0,2,60733.242749211364
2807.0,2,1,67.0,8.980454047178478,1,4.512327660524759,0,2,57387.50662930975
3056.0,4,1,50.0,5.648845382990255,11,4.850324284266475,1,1,53980.60337199729
3044.0,3,2,32.0,23.04024357592807,13,3.5184332655530848,1,2,64644.47753536475
3785.0,3,3,21.0,15.140517913462457,7,7.172474028614413,0,1,75055.93044082528
3190.0,2,3,3.0,27.617744675408158,5,8.568500205689016,0,1,231469.08524313287
1622.0,1,1,7.0,1.4614770757869275,11,7.916652933390798,0,3,99494.94958738903
877.0,2,1,13.0,2.4758513873937025,14,6.649768862117923,1,3,65745.52055119039
2651.0,3,2,63.0,12.396570696445151,2,5.84510319399712,1,2,64860.26445441752
3706.0,5,2,51.0,2.8681809519190953,14,1.2797576200722733,1,3,56378.624882170014
3913.0,5,3,35.0,8.25052309423759,14,7.506405988227291,0,2,66348.71791327739
1305.0,1,3,62.0,29.587877420760396,2,5.904846456206477,0,1,50284.778366827944
1327.0,4,2,13.0,6.6643084207961145,1,3.436669455974982,0,3,50851.71783375766
630.0,1,1,17.0,6.344473371656676,11,3.950578349680975,0,2,53348.09756368071
994.0,4,1,32.0,17.42239972947342,2,9.420461078227673,0,2,61176.418035395516
2441.0,2,1,73.0,15.190949578398124,9,6.619260206055044,1,2,57570.150520188574
2413.0,3,1,49.0,17.62292976748392,1,5.283211911917755,0,1,55855.143984833514
1798.0,4,3,68.0,11.613690707152127,10,6.588295657375669,0,3,50216.189656229275
1584.0,3,1,20.0,24.88948961690094,4,4.723680924870913,1,2,58825.59386681943
3404.0,5,3,68.0,4.588126267552654,2,5.231640458827146,1,2,61620.44082128795
2110.0,3,2,6.0,13.137583052323237,1,3.6127833103690334,1,1,77958.539294016
3328.0,5,2,18.0,20.84797452910057,3,4.9586797053248,0,3,69507.69789689922
3871.0,4,2,42.0,26.11297498834554,8,7.170330091941194,0,1,60292.94095658757
1609.0,2,3,4.0,11.402362387524352,2,1.359477325778223,1,1,65412.750617518665
1209.0,4,1,68.0,17.248495173265706,12,8.155246665665395,1,3,40482.48305211857
3835.0,3,1,69.0,2.5396283777142146,9,3.5468158677518153,0,1,59468.98702865813
2721.0,3,2,43.0,5.524413099298954,5,7.1430381408924974,1,2,71516.90088672657
1518.0,1,2,25.0,2.5395757927503775,14,6.78452783212054,0,3,55917.151327832384
2676.0,1,2,8.0,21.972486313956395,10,6.873652442271748,0,3,95438.18299953434
2302.0,3,3,49.0,8.99776907730315,10,6.473160246302226,0,2,57160.685067777435
3669.0,1,2,43.0,21.850486060659215,3,9.631916542625813,1,3,64974.94675729952
1395.0,5,1,61.0,2.4587492317765993,10,5.575097464258517,0,3,60917.91128242094
3969.0,5,1,48.0,25.945160112045603,8,7.590872039638163,1,3,64899.47186646777
3776.0,4,3,11.0,25.148140844277204,14,7.3490439811111985,0,1,101484.20708036234
1132.0,4,1,10.0,3.123397919983338,7,3.126408195504973,0,3,63588.45527215049
1076.0,3,2,62.0,1.2008169404870024,10,3.5497525526814306,1,1,59629.2859343768
2366.0,1,2,13.0,2.1605199829687396,5,4.816153883412711,1,3,85355.53226806152
657.0,2,3,75.0,25.682090107828653,1,3.4992813741688833,0,1,51630.52976622856
1545.0,3,3,9.0,7.423752927030924,2,4.3006878903696375,0,1,66923.12982178865
2022.0,5,2,58.0,16.674062876816567,13,4.518645525354754,0,1,46651.99690561547
3892.0,2,1,78.0,13.074203993811674,11,6.434781048445096,0,2,54931.165310807526
3973.0,3,2,35.0,23.968003023743762,6,2.9790103846155547,0,1,61941.96530681041
1030.0,2,2,5.0,14.922499893384783,10,8.238626792890186,1,1,79071.21823017705
3620.0,1,1,70.0,15.269494799507456,1,4.937827210943541,0,2,46808.312260260405
818.0,1,2,15.0,29.67821221524712,1,7.356197005149221,1,3,58494.21334744212
3120.0,2,1,42.0,4.928821924103085,8,1.732982331167361,1,2,60292.09348215145
3459.0,1,2,78.0,25.005766193004977,9,5.229688547119302,1,2,55214.11837481311
3617.0,1,3,59.0,2.0266174953146012,14,1.253975789595955,1,2,55076.938333011996
1281.0,2,3,4.0,14.590638702402638,11,7.083189926340083,1,2,88340.60659317678
3627.0,2,1,65.0,26.646877306024194,4,4.093390692973626,0,2,56820.32570118254
905.0,3,3,13.0,20.123811985321577,12,9.543275326952458,0,2,66528.34515798428
2316.0,1,1,60.0,20.713831271300922,7,3.9171179314127746,1,1,46112.718152256115
2143.0,2,2,50.0,8.267859826566323,12,6.074253082159542,0,1,61124.58344068317
1605.0,3,1,23.0,12.8479563451629,3,3.316488181251532,1,3,58584.58108554283
577.0,5,1,34.0,11.31414137322199,1,6.581013660526063,1,2,57816.55562451249
3202.0,4,1,10.0,15.882574699660829,1,5.203381151199111,1,1,86373.66232717547
1674.0,5,1,78.0,14.13572393923821,14,4.335654353550696,0,1,55281.16159744995
2815.0,2,3,19.0,10.143501380371186,2,2.8332041417216187,0,3,61542.039652706044
1935.0,3,1,25.0,9.511678064949518,14,2.003692095743098,0,1,57757.15436900972
1807.0,3,2,40.0,7.9001603038261035,11,2.0789122056100595,0,1,45596.37587609768
3602.0,5,3,54.0,11.268893783100374,3,9.991360157549979,0,3,57987.32072257578
830.0,5,3,40.0,4.923273599054789,13,4.710796541715112,0,2,50931.76776119051
3078.0,5,3,40.0,26.227076909105428,3,1.0173673708600552,0,2,51408.269031724456
3113.0,4,1,47.0,18.262522059086105,3,9.576359115634128,1,3,64843.93030911483
1829.0,3,3,68.0,4.446699555018736,9,1.1798193180683139,1,1,54230.93862804315
1418.0,3,2,32.0,20.96885035916554,5,4.767275129990804,1,2,59337.806967999546
518.0,5,1,66.0,25.50616080594021,5,7.457298273735903,0,3,56328.80769927813
3778.0,2,2,63.0,7.507302325541637,3,9.231393199345854,0,2,58783.50944308503
3817.0,2,3,76.0,4.942717532949286,9,7.415976622888909,1,1,60462.406175886754
1343.0,5,2,73.0,0.7542090854456855,1,5.172631794100106,0,3,61643.7257884465
611.0,2,1,64.0,1.8938849962663107,4,9.769978350856931,0,3,56364.394765191646
929.0,2,3,20.0,22.98641477495359,8,1.3538744472994337,1,1,53028.20075979496
736.0,3,3,62.0,29.62199679522997,7,9.882029822842073,1,1,38537.853779869096
3408.0,2,3,59.0,1.8239695130501596,10,8.64452396537595,1,3,75475.66598467588
3621.0,5,3,23.0,22.568093292856833,4,9.360370154137232,0,1,82266.61692263927
1036.0,5,3,54.0,2.6199338923083215,10,3.29295181687783,0,3,52608.280796651845
3113.0,2,2,20.0,17.967918334658172,11,2.282122650558428,0,1,65659.24590853987
1127.0,3,1,42.0,22.804220831633017,6,6.9698375143543005,1,3,52737.17955434618
1785.0,5,2,63.0,11.096529719398262,4,5.64273494187508,0,3,54648.67869083348
2597.0,4,1,15.0,0.8225742727645802,8,5.708511646699415,0,2,79902.13314281548
3019.0,2,2,27.0,18.058085887700063,9,9.321572606348958,0,1,78255.21821250701
3560.0,3,2,63.0,29.74171653013082,2,6.58072815987936,0,2,57337.81621407654
656.0,4,3,36.0,8.099713973735625,8,3.799574515941309,0,3,53239.69395539934
1187.0,4,1,76.0,6.089992677022867,3,4.600599007760884,1,3,58074.73226125785
1481.0,1,1,1.0,4.155813836228691,8,2.201462515826661,1,1,120041.8753756949
1586.0,2,3,58.0,16.880040787051655,14,2.7308263624812037,1,2,51860.35445615455
3993.0,5,1,65.0,18.095130431128062,8,2.2901506318858464,0,3,57974.39456816639
3220.0,2,2,73.0,23.87198969652687,11,8.29262207090219,1,1,68269.11308326143
1621.0,2,3,13.0,22.715661571805036,5,7.343861211749069,1,3,70071.9162576948
3901.0,2,2,78.0,26.82997409645507,13,5.773105158497667,0,1,56631.849163336774
2247.0,1,2,31.0,24.27029460109789,12,4.369310502648137,1,3,57454.20763120881
2252.0,1,3,28.0,7.794378950843611,13,7.016448612919154,0,1,68007.62602309343
2017.0,2,2,29.0,16.898383443834952,11,8.316148129261848,1,1,59673.19241643583
1003.0,5,3,51.0,9.27365279326061,10,8.93109894104538,0,2,53436.224121343315
3770.0,1,2,53.0,10.228668696769322,8,5.9231460538570015,0,2,53023.876337053276
548.0,2,1,38.0,27.99235889228489,13,8.378966096377308,0,1,47860.94117605756
1109.0,1,2,6.0,20.615929199478668,12,5.601753580714255,1,2,69044.04350789897
1303.0,3,1,78.0,29.250417190907623,6,5.270770802691017,0,1,51870.71886603458
1477.0,2,3,18.0,12.798919833202962,2,8.788886700598901,1,3,72546.428464495
961.0,4,2,8.0,16.35440841394231,1,4.477365426381976,0,1,63592.659274060614
562.0,3,2,48.0,14.86990488753444,4,4.563214111366321,1,2,47955.98943598967
2871.0,4,2,33.0,3.664968196949944,1,3.744202107564245,0,3,56222.379859568995
3892.0,4,2,49.0,7.482708838534799,3,5.66831555465155,0,1,66046.0500973991
926.0,3,1,70.0,16.065272637832223,2,5.903650303205146,0,1,56859.752528024415
1537.0,5,1,8.0,2.487542001423684,14,6.9441503077941125,0,3,80819.75035397282
2272.0,3,2,23.0,27.978126914612233,2,4.874520790986135,0,1,58151.32557441492
3746.0,5,1,41.0,4.153388617329439,9,2.960535626952394,0,3,62485.90302825415
2929.0,5,3,63.0,6.34043201929876,5,8.801578561724883,1,2,55639.012006568984
3181.0,3,1,48.0,23.07697610618978,3,4.11400780514213,0,3,57513.005768745454
2533.0,4,3,31.0,3.3595689827847544,10,9.306490778561573,0,1,77616.5564375443
1959.0,2,2,49.0,27.05820393865458,14,2.8661799972381017,0,1,53513.55962452339
1199.0,5,2,78.0,21.9081786363148,12,6.040517286126074,1,3,49094.796933223915
3525.0,4,1,38.0,2.5243152847113377,14,5.82953584176507,0,3,66479.79497339709
3314.0,5,2,70.0,20.90948830792676,9,8.457830631342958,1,3,56536.105591618965
587.0,2,3,62.0,19.133041994053876,10,2.249662480757468,0,1,45163.156609220976
3003.0,4,1,24.0,22.8418082658276,3,9.189434556257153,1,2,76343.60450161957
795.0,3,1,20.0,24.931836648435407,12,5.782853549548632,0,2,59637.3972788775
3086.0,1,2,61.0,21.691341613608074,11,6.274984455229298,0,2,55519.822192913976
3390.0,1,1,17.0,17.79220071049367,4,5.591496639679904,1,1,71296.7464219092
958.0,3,1,27.0,10.01266789816244,5,1.324224161526398,0,2,47948.01393642423
2018.0,2,2,19.0,21.069573023982908,9,5.473815956259383,0,2,61479.93321277073
933.0,1,2,48.0,28.730661746607993,1,3.3719469640929147,1,1,49325.114862617156
2485.0,3,2,24.0,17.83189252560179,12,4.084193623400483,0,2,54822.761848617825
3746.0,4,3,53.0,20.09817361881049,4,6.841914392684259,1,1,68021.55376575349
783.0,2,3,74.0,13.395277244894121,2,5.479274165266953,0,1,53841.977436299494
1891.0,5,1,66.0,22.805563887420693,5,1.8389639140071439,0,1,53867.67147223127
3905.0,4,2,75.0,29.93118807398976,12,1.6573714728558304,0,2,55726.02267395367
1553.0,3,1,2.0,5.231485059998215,4,2.670919260556333,0,1,96590.62597301384
962.0,5,1,36.0,6.470955745360988,8,2.7179663191500127,0,2,51283.59116537818
2210.0,3,1,18.0,16.41341388059949,12,6.4747068127422835,1,2,67639.3345107361
2279.0,1,2,73.0,14.700574219218918,1,2.6003301764098854,1,3,51187.391132315155
2820.0,1,3,57.0,17.361308642948206,11,8.935474809472936,0,1,61237.00421118007
1598.0,5,3,26.0,1.9476844078660547,5,2.887845945520718,1,2,60102.12455944097
3844.0,5,2,45.0,12.426155461748245,10,1.8201830088374438,1,1,52326.42218412956
2323.0,4,3,48.0,17.697858730934044,3,8.881714147236822,1,2,53645.30189912966
1502.0,1,1,40.0,17.7631448634964,2,3.657948184690597,0,2,53916.95609067476
3860.0,2,3,38.0,19.89135187216702,12,4.828803668503622,1,3,59465.12272844915
3736.0,1,3,5.0,21.74637285557858,12,9.63123745611198,0,2,186544.14583273933
2247.0,1,1,36.0,19.42564249855527,14,9.499322972419964,1,3,64479.866074502504
587.0,2,2,28.0,23.812173083988334,10,7.434252003384261,1,1,57543.1316414941
2589.0,3,3,65.0,18.930438723195454,7,1.6204505655929924,0,1,62311.629364966844
2443.0,1,2,69.0,16.356476044847533,3,6.340061128702577,0,1,53477.43452966389
1018.0,5,3,60.0,18.38279465219042,5,9.90170141538032,0,2,51668.34732652484
2718.0,3,3,3.0,3.485204319223304,10,9.522246055815824,1,1,220808.35056015608
3442.0,2,2,67.0,8.55811795140284,5,1.9540224326794857,1,1,54042.01576461155
870.0,3,1,32.0,16.05829352941487,7,4.563705727813318,0,1,53943.852559853214
3031.0,4,2,33.0,26.25312285435036,3,3.839830713125554,0,3,54067.736295050185
991.0,2,1,75.0,20.532020910495795,7,2.16755296214415,0,3,50333.90925462525
3120.0,1,2,69.0,3.1670383149209784,4,7.253184801238848,0,1,51505.60099969582
1966.0,1,2,5.0,17.97211103810993,2,3.4646352792421307,1,3,81646.70865019674
522.0,5,2,29.0,7.041270635294419,2,4.103792228127681,0,1,49699.29802667748
3881.0,1,1,60.0,22.153488513767325,8,1.8132298903127615,0,2,52653.289793141616
1080.0,4,1,43.0,24.909505149008044,6,5.48170802900799,1,1,47234.37675775931
2586.0,2,3,21.0,18.006960041404213,2,2.423510772868508,0,2,54107.374655816166
1135.0,4,1,42.0,17.945196987675438,8,4.888813812215402,1,3,52039.25577203688
3765.0,1,1,69.0,10.488447574719014,3,2.2900799989297136,1,3,53405.747974679085
3084.0,5,3,18.0,13.664375624258627,1,9.584649009551311,0,2,85566.08388645016
3315.0,4,1,59.0,25.99119643755269,2,2.3048427987742834,1,2,58946.82555340593
2012.0,3,2,59.0,21.837949763531117,7,5.696984384655699,1,3,57384.15442809976
2135.0,2,1,70.0,15.832732961027371,14,2.7728184278708876,1,1,56315.938154704076
2720.0,5,1,24.0,11.362855394326942,4,1.6872562312534831,0,2,60705.739542209776
3246.0,2,2,18.0,1.9862022795123535,4,2.8207775695788833,0,1,67572.58649341887
3464.0,3,2,44.0,4.718718339128361,4,1.492966966513925,0,3,54317.631556071225
562.0,2,1,42.0,6.194243091411434,5,2.2545764480888995,0,2,56405.51416718234
2822.0,2,1,33.0,11.514814526130905,11,5.441357419868953,0,2,64627.73055162238
882.0,3,1,62.0,28.3522375887501,5,6.866339689518168,1,2,54997.793411803155
1507.0,1,2,64.0,15.402025148333086,10,1.786058335646051,1,1,45453.783634741834
3403.0,1,3,20.0,7.427784816147317,13,4.969167615138416,0,1,64764.372616873006
1376.0,2,1,63.0,3.619629055114665,14,6.231223205680168,0,3,54344.045147804994
3288.0,1,1,19.0,10.480012975787439,8,3.1080310858995537,0,1,64946.62954021275
2120.0,3,2,33.0,24.564053748756177,10,4.348705703644228,0,1,55905.94070816922
1314.0,5,2,3.0,11.808612405609983,13,1.6465138276024778,1,1,69988.22653442601
1669.0,1,1,27.0,23.2889212776612,12,2.9811797220978544,0,3,59573.15081088136
2357.0,1,1,76.0,24.179796795742927,5,5.20077633327046,0,1,58615.892501560214
3178.0,1,2,35.0,3.769212706111772,2,9.9139796103279,1,3,75659.77051047256
2621.0,3,2,57.0,18.45546270249012,2,9.966385566452201,0,2,55403.97006426209
3766.0,2,2,9.0,28.793333869447768,13,9.816595130118591,0,3,134504.20031739637
3537.0,3,1,51.0,12.363073209654841,8,4.807777476702948,0,2,54956.327225188026
3136.0,1,3,30.0,2.002850625589157,5,1.7261234057319852,1,1,51758.121523732516
2610.0,2,2,59.0,27.73742936260742,5,3.9121609352440014,0,2,52628.80625784874
1514.0,3,2,74.0,26.568155306388245,4,3.1394293783387957,1,2,57158.577398589514
1944.0,3,1,42.0,15.903172692665553,12,1.1271391741886911,1,1,53584.26151749564
916.0,3,3,9.0,16.791467050148285,9,1.8571024925953785,0,2,62749.544599018394
1809.0,4,3,38.0,6.746362531895684,13,5.078727415441595,1,1,57053.25615275171
3742.0,3,1,10.0,24.6737972885668,5,4.056962174238673,1,3,90925.80454716187
1990.0,5,3,36.0,15.208701132567729,7,2.6231834947103474,0,3,54294.29418527102
898.0,3,3,5.0,1.499394956705417,2,7.444899735928724,1,1,83504.72835198198
2781.0,2,1,51.0,20.648941215245436,14,4.214040363069567,0,2,49770.68918325562
3869.0,2,3,25.0,28.53963995917983,8,8.666810701718898,0,2,81784.6605548993
3536.0,2,1,16.0,24.959939465199632,8,3.168794442368056,1,1,62322.929027717975
1459.0,3,1,2.0,8.677345136210924,6,5.845541410779623,0,2,133753.6726407203
2088.0,2,1,71.0,2.0730900055335493,4,2.657252954342642,0,1,61703.648929057235
2358.0,5,2,67.0,28.240366669876327,14,5.457705547472578,0,1,59002.21970939344
1367.0,3,2,65.0,28.14335038395119,7,2.3721985808054757,0,3,56051.04147586034
1440.0,5,2,5.0,16.206251931529646,10,2.4542076193436975,1,2,63250.213660034984
1328.0,4,1,28.0,19.448363644310287,1,6.510010393378141,1,3,56477.84563523353
3981.0,2,1,77.0,14.146701790968844,4,3.3740743795819004,0,2,53947.36750066245
3111.0,2,3,46.0,12.883078329413381,12,2.5513050390782257,1,3,57474.52547338115
3442.0,4,3,11.0,4.023728859896661,2,9.367914251215659,0,3,117558.55301841324
3357.0,2,3,12.0,3.3542105016523327,2,1.3870292566604596,0,2,62269.53881890454
3857.0,2,1,21.0,7.365598326947531,12,6.086333014262984,1,2,81910.45371336167
868.0,5,3,77.0,25.180902018993056,5,5.934374576499387,1,2,55458.35259528102
3585.0,3,3,14.0,4.80205287170256,4,3.255479869627538,0,3,67780.74915373762
732.0,1,2,72.0,7.1876102314839665,8,5.07494570601536,0,2,55862.283406019495
2163.0,3,1,54.0,16.684114750005122,3,1.789640047743719,1,2,59112.60670610506
2580.0,3,3,73.0,6.846370933309095,1,7.491431313314971,1,1,65048.70140365368
1752.0,5,2,66.0,5.314597199174719,1,2.9952743353914086,0,3,58397.34515057579
1011.0,4,1,27.0,17.117829130089888,2,2.740468238439003,1,2,52743.03963950402
1173.0,1,1,66.0,11.358751494400156,3,3.8339063044975275,1,1,51343.89591805535
3386.0,1,2,14.0,18.97169893229384,10,9.121329282368277,1,2,97038.9221308704
1615.0,4,1,23.0,27.410057542055952,5,8.168199834551885,0,2,68782.70114101187
1586.0,1,1,17.0,4.954297377334496,2,9.522030620203818,1,1,71585.55031261392
3731.0,2,2,11.0,27.446292964485384,1,6.8676611142977695,1,3,98838.33929115538
1003.0,1,3,8.0,27.1234540389761,7,6.966293599288789,1,3,68049.96333253171
3703.0,1,1,15.0,24.958083708409134,12,5.320278994835952,0,3,75307.93747796977
3723.0,5,2,10.0,19.12293456052951,5,9.14667691030278,0,2,117956.24162628208
2594.0,1,3,31.0,18.79432639523365,1,5.597894343432961,1,1,60462.43094829505
1079.0,1,3,6.0,19.356773468126796,4,4.195540637155222,0,1,72736.57181897976
1045.0,5,3,5.0,20.869618760925487,7,6.763375089258987,1,3,77755.27778128361
1496.0,1,1,79.0,0.986224917586632,3,5.9152554406086715,1,1,62598.32071943501
2520.0,5,3,7.0,28.763731085239165,14,2.1161783377890595,0,3,61992.8868985579
1037.0,1,3,6.0,17.775310963234602,11,4.534528725211866,1,3,69210.90150077615
2094.0,1,1,3.0,23.553242262371437,5,3.81992869985032,1,1,109422.398302023
904.0,1,2,11.0,11.629814252310213,14,8.621503975100186,0,3,71772.02961831637
2390.0,4,2,42.0,0.8657178105159807,5,4.409583012757979,1,1,67413.58216408682
574.0,4,2,66.0,15.537172466355097,2,8.393997093750034,1,2,54487.19489618108
2981.0,3,1,59.0,15.462108519819903,14,4.98150634510851,0,2,55043.37353141954
693.0,2,3,46.0,13.391184005187828,14,7.78150507101049,1,3,55282.60210991478
1181.0,1,3,7.0,10.521653097781265,5,2.217537356600709,0,2,59735.95919088403
1111.0,3,2,62.0,7.8698695903868,9,9.321851976926162,0,3,54853.29371239468
3408.0,2,3,3.0,16.062573797666893,3,5.325039017190265,1,2,172179.11995748532
686.0,3,2,50.0,11.570705120958076,9,3.3381842106367574,0,3,53655.69539481563
2002.0,4,3,33.0,29.112990549969357,10,3.173406457283262,0,3,52973.17693801302
2569.0,5,2,70.0,5.601355579124477,10,3.385695597174747,0,3,53264.0378528771
2305.0,3,2,25.0,9.930134244999065,8,4.300517556261709,1,2,66022.62385932315
2882.0,1,1,51.0,9.171833892274845,10,7.457675794080551,0,2,70767.51123339214
3310.0,2,2,35.0,16.52762069896073,8,9.546427386107142,1,3,63663.394105522355
1877.0,5,1,42.0,15.228767580737363,12,7.021336871112689,0,3,51705.671711324394
3398.0,3,1,75.0,19.490343730016058,3,5.924496438496907,0,3,51909.340543525956
1612.0,4,1,57.0,28.52505223193913,7,5.037380272154212,0,2,52771.142268348296
3945.0,3,3,33.0,8.914022022069087,6,8.453750203338547,0,3,75051.40316505593
2265.0,1,1,36.0,20.936761293022396,8,8.64691482201463,0,3,63811.98858077429
3076.0,5,3,56.0,1.2386859886529167,2,3.637339069895367,1,3,62782.8650996755
3562.0,4,3,28.0,8.240459945641923,5,9.580782237880872,0,1,77784.81765247404
3274.0,5,1,14.0,14.179731975899488,14,4.556038268857439,1,2,69142.36431974005
3478.0,5,2,37.0,1.4143462601934667,2,8.20070262272375,1,3,71474.6327710104
2377.0,2,2,6.0,18.72124908633235,9,9.7013789027401,1,3,127318.02025252196
652.0,2,2,14.0,20.510162947850393,10,7.3329229077005005,0,3,50743.269316855796
2225.0,2,3,34.0,22.528585587722375,7,2.4539565380607433,1,1,48836.319885596866
1135.0,5,2,63.0,15.738947892868861,1,6.2752325965653775,1,1,48242.02111264082
3611.0,3,2,62.0,18.316367616869485,1,2.0689941078602057,1,3,56127.000254365834
1328.0,3,2,21.0,12.183924912715373,4,8.102278358820335,1,3,62086.41258372029
1298.0,5,3,34.0,1.7169644589435948,2,3.5318365648649466,0,1,61056.75500930458
1372.0,4,2,13.0,3.448579745348135,2,7.256933407540167,1,2,60583.01578747115
2748.0,5,2,60.0,19.822379763943193,3,9.19080706717179,0,3,52766.560878202785
2499.0,5,3,20.0,29.8688813377804,3,2.6290886560315516,1,1,59657.187160817215
3820.0,1,3,64.0,0.9661955553172372,12,4.5357205474105005,1,3,54233.10207568008
1956.0,2,3,67.0,16.94871315637829,9,6.824069092662096,1,1,59656.583596173514
1487.0,4,3,55.0,22.654758210035457,1,4.77692733528551,0,1,45457.78377625368
672.0,5,2,27.0,24.88985742640942,9,2.573370474622437,0,3,55182.559434204675
524.0,1,3,76.0,16.583544586067884,2,1.261644527519173,1,2,47089.4170668725
1807.0,2,1,55.0,18.7875214154311,6,4.659383293317666,1,2,57946.78414863518
3740.0,3,1,52.0,21.053385885599326,1,6.8428812392372835,0,3,73631.84939352541
2333.0,4,2,68.0,25.839504365956202,2,6.165857873372397,0,1,45184.34166265676
3627.0,1,3,70.0,4.10754134748315,2,2.406171157845782,0,2,57813.79405598767
855.0,4,2,7.0,27.82237479010847,7,5.05624099480648,1,2,55207.347722400234
826.0,2,2,70.0,1.2675134047713152,7,4.325239415631275,0,3,60681.28079772858
3417.0,2,2,61.0,25.167892653254373,5,3.4678216206405987,0,1,53424.33872803867
873.0,3,1,17.0,2.763842583511069,9,7.563441194743503,1,2,61924.837707857754
681.0,3,2,25.0,6.241532242345207,11,3.7868682702446588,0,2,49881.82180427705
1914.0,4,2,60.0,0.6148773182434121,11,5.861277570997263,1,2,73242.09334141534
3736.0,2,2,18.0,13.6350728133132,9,9.30901181742655,0,3,83365.56072924503
2912.0,5,2,36.0,10.363597188163071,8,5.853483840282242,1,2,65587.26039794837
846.0,1,1,55.0,5.396790888867306,7,6.553206191445047,1,3,52170.597203615296
3429.0,5,3,52.0,13.807159743715236,4,1.6592138755079626,1,3,47091.44088329274
3452.0,1,2,72.0,12.369941053579423,7,2.6032072936756268,0,3,59923.47486320883
3302.0,4,1,9.0,23.146000464612875,1,1.9085607936830211,0,3,64157.16773288962
3659.0,2,2,24.0,26.847344029065955,14,7.883316535202561,0,2,82326.57908836014
1339.0,2,2,78.0,19.750733927128916,6,8.52328972825158,1,1,58501.182867203286
3928.0,1,1,45.0,4.170106467432454,11,2.6780976387511988,0,3,53761.13442207449
1622.0,4,1,20.0,9.214028443940594,14,2.973445758307819,0,2,55555.528870258124
3307.0,1,1,23.0,27.442889756552255,7,3.9088656054350457,0,1,62107.23002945227
2527.0,4,2,27.0,3.1176675437327304,13,6.319698552584519,1,1,71371.11778805275
3228.0,4,3,44.0,12.502247262029382,7,6.596165744200175,1,1,62293.89842031457
2697.0,5,3,23.0,28.303886267387696,2,7.180785626873118,1,3,67925.41383947362
2748.0,4,2,50.0,28.54461282334983,1,9.146734805921163,1,1,59574.93329840687
2656.0,2,3,36.0,12.630493722942326,2,3.6553612644688434,1,3,55975.615121954135
3226.0,4,1,49.0,20.188208198914523,14,6.928830902860981,0,2,65032.73722970495
3086.0,5,3,13.0,13.97399515144297,7,6.037505611999229,0,1,79395.21086148963
970.0,2,2,50.0,22.727085913372083,5,3.752535163713104,0,2,50256.77602296392
3391.0,1,3,74.0,1.4316492554434561,7,9.16673667934306,0,3,63043.47583905784
2376.0,5,3,11.0,4.7526358931800745,4,1.8593507076329576,0,3,57838.40367891666
1630.0,1,2,26.0,18.61886470453618,13,7.408009241488463,0,2,54006.99258384158
2299.0,3,1,55.0,7.360291742070376,14,7.550863417203417,0,2,54557.15820938554
3884.0,2,2,49.0,20.148542828439883,2,9.237938749209654,0,1,71359.61472090647
3501.0,1,3,54.0,10.861076360108301,11,5.667225331162182,1,1,57411.848657967945
3417.0,4,3,45.0,26.65604396477073,5,3.8946010439732133,1,2,59213.00971909869
2119.0,1,3,54.0,24.6681518740196,1,8.449666028740184,1,2,46750.136714709166
3244.0,4,1,49.0,15.038715102029075,13,7.937292536491534,0,1,63533.026139981
1847.0,4,2,6.0,23.300405069298304,1,5.502840529775233,0,3,83638.72943505817
2901.0,1,1,60.0,8.498567643935166,3,7.9107163807043,1,2,56828.388960119424
2738.0,1,3,36.0,15.080663415949948,1,3.4108804186953474,1,1,56602.40015803284
1374.0,4,3,5.0,6.325720529966706,7,6.305556973631211,0,3,84178.54834771712
1432.0,3,1,33.0,25.896141971369318,9,8.78665109309088,0,1,49197.97262580407
713.0,1,2,35.0,24.78049468876824,5,3.8618605415486127,0,3,55804.240410164566
989.0,5,3,7.0,27.113415218065537,2,5.351949841876689,1,1,66500.4082367498
2017.0,2,3,79.0,26.385570946115653,2,9.559403687556005,0,2,53957.50177747756
2172.0,1,2,18.0,28.808089730755096,14,8.183906577745631,1,2,66088.01708033645
1077.0,5,1,27.0,7.235918833141816,12,8.983351182974975,0,3,52448.90585179991
1959.0,1,3,35.0,27.988816578461808,14,4.467223548014017,1,1,56287.16241599752
2614.0,3,3,66.0,17.35078914488393,8,9.96854733671103,1,3,65168.308368095
1313.0,5,2,59.0,12.963604975585488,8,2.3730904421543166,1,2,52670.7434886021
1683.0,3,3,61.0,17.031029931052252,12,5.668935248946781,0,1,47976.93599596041
1786.0,3,1,19.0,10.606769521183196,9,5.313460440666244,1,2,61866.318533834
2267.0,2,2,67.0,9.012313705348086,7,8.18588971720121,1,3,56427.74935666113
1782.0,1,1,66.0,7.6187729703370985,5,9.177559952635107,0,2,59854.150715862685
3079.0,3,3,37.0,2.9316256889852412,7,7.580254392172538,0,1,68544.97898127846
1646.0,5,3,44.0,15.14866446584203,1,6.641346125172725,0,2,43238.10251269166
2018.0,1,3,3.0,26.688969433559677,3,4.846862717636533,0,2,117843.86366369195
1828.0,5,2,61.0,19.089483093594346,11,5.592933253681608,0,1,49711.571265234255
1140.0,3,1,76.0,15.868781166295319,13,5.583702819023396,1,1,46405.203449798
2900.0,3,1,38.0,13.143491088402037,2,1.183316263159399,1,3,51784.79560215717
1324.0,1,2,43.0,14.199847976357162,2,5.527412243449099,1,1,55813.592032015324
1539.0,4,3,40.0,6.673681753372552,2,8.703737201567124,1,2,51387.01438258536
3274.0,1,1,7.0,24.776608377196368,12,7.383466100280234,1,3,122394.601143349
3821.0,2,3,49.0,6.352297416805078,5,8.161377599125043,1,1,67470.45466700054
2847.0,4,1,57.0,21.640371323455735,5,4.514364907916689,0,2,55166.66017593882
3707.0,1,2,74.0,22.919557839136502,1,5.760759132216623,1,1,52607.388661520534
3489.0,3,1,74.0,17.45863673981816,14,1.3013521209739043,0,3,47735.57160219588
2183.0,3,2,39.0,25.95632806116744,7,4.4469814795240925,0,2,59621.14833934817
3196.0,1,2,76.0,9.085985397294175,12,5.269744404033796,0,3,49261.2593170367
1649.0,2,1,42.0,26.507708026664467,10,3.296880096391735,1,3,57383.563076435385
2111.0,2,2,51.0,22.01760855817947,2,1.2811688109158483,0,2,50829.22370531025
2374.0,4,3,48.0,24.063119918971942,12,7.2136729790105685,1,1,57153.39204793529
3861.0,5,3,79.0,20.10510143105577,8,4.915789757639589,1,2,48213.96980032822
3469.0,5,1,59.0,25.467119001204097,9,4.741103738010108,0,1,55359.015924464
2212.0,1,3,10.0,29.79641645017026,3,3.24988078625658,0,2,67259.42069510068
2784.0,1,3,6.0,12.89480420847684,12,5.840473590982154,0,1,99429.09204636914
1208.0,1,3,33.0,24.510512669432327,14,4.942241031436583,1,3,56095.61190800172
3315.0,3,2,41.0,22.46510290578199,6,5.265860257261819,0,2,59329.81085290427
2435.0,1,3,53.0,13.85966988850453,2,6.227842135927438,1,1,53772.54120527218
2364.0,2,2,39.0,27.844995492109103,12,1.0569218251576182,0,3,55187.27935902134
3181.0,5,1,41.0,12.135564922391543,13,9.169263131845803,1,3,55912.824350748415
2715.0,5,1,73.0,17.18124453014901,8,1.6397865725057312,1,2,53240.46269533376
753.0,5,3,27.0,3.625299531233366,9,5.058322725843951,1,1,62300.35618641762
1508.0,2,1,39.0,7.160368224954854,4,2.8663558771544326,1,2,59588.888767736615
1118.0,4,2,45.0,25.30053703074594,1,5.714041324328878,0,2,54852.162984173476
3072.0,4,3,37.0,12.198305323450997,14,3.5220709791742406,1,3,55416.373388878805
623.0,1,1,77.0,12.125480637750117,7,8.740058482563434,0,1,49600.47350550983
1208.0,3,2,77.0,7.756440036623297,4,4.567238505661782,0,3,51465.17547109498
2591.0,3,1,41.0,15.002504861774904,10,6.748800001915936,0,1,61453.14244412694
2931.0,2,2,36.0,24.27160035984336,1,3.2399175533309106,1,1,52337.66417896951
2261.0,4,1,47.0,26.907341474325317,2,1.1746553544461575,1,2,54645.070420601434
3512.0,4,3,15.0,2.5683757453034244,4,4.637390820519485,1,1,84461.33468980723
3716.0,3,1,34.0,17.457211571583407,7,5.828378406024611,0,2,63056.16754608534
962.0,4,3,18.0,14.28456435282387,6,5.135924361355753,0,2,50610.643790368675
3833.0,4,3,12.0,18.621314588911563,3,9.65812927436974,1,1,106655.77091091851
2650.0,3,3,8.0,13.694632763793939,5,7.3615525646142554,1,3,102723.1919180496
2726.0,2,3,47.0,12.260022215175747,5,9.961028205628557,1,1,62122.50943330327
832.0,4,1,1.0,14.420481016669937,8,3.6555408128257474,0,3,115160.44457871211
2676.0,4,3,52.0,17.668974298314218,8,8.10147951646432,0,3,56689.71073894575
3040.0,5,2,35.0,15.279004725437416,13,6.000026207919525,0,2,64524.42558525456
2532.0,1,3,29.0,14.428261305109062,12,6.505843190036495,1,1,61396.70187667927
795.0,3,3,61.0,24.626141643763383,5,9.87267880398095,0,3,49939.60197531849
2331.0,5,2,43.0,22.496615741516802,13,6.885884797760053,1,1,56245.97568809848
3775.0,3,2,58.0,10.570665578345189,8,9.089352031032261,0,1,57810.1507401625
3031.0,5,1,57.0,24.117024966701955,3,7.531752112473224,0,3,66680.43325808966
980.0,1,1,3.0,25.682694735632754,5,2.1464750955227503,1,2,64013.026701031326
3859.0,1,2,18.0,5.02802005853862,11,7.294813392900813,0,3,85942.08189226841
3856.0,4,3,46.0,17.689132621057382,12,5.358840298169338,0,1,57321.561492477675
1092.0,2,2,78.0,8.916703811176806,6,9.269181936841083,1,2,49351.43420879229
3303.0,3,2,13.0,22.305583496838317,3,8.261510024714097,0,3,91458.91131012149
1923.0,3,1,9.0,7.5441672160811555,3,1.9372121884650269,1,3,64173.7532905482
2577.0,3,2,75.0,20.30640396310444,2,2.205240792882026,0,2,49846.89619572565
2058.0,5,2,77.0,8.0261773537002,10,1.6264990161874502,0,3,48502.71356951597
3239.0,1,3,14.0,15.578741021183323,8,5.439203872701556,0,1,76455.03955691498
3988.0,4,3,32.0,28.485070803527666,7,1.726945832866177,0,2,56726.38270649234
3282.0,5,2,50.0,11.748572384464818,10,7.513105029172246,0,1,67532.07730810283
3759.0,4,3,16.0,26.334285335914625,12,5.971227233053894,1,3,79905.07698052573
3811.0,2,2,26.0,29.61486514551489,12,8.52296515797828,0,3,77995.59330830471
815.0,1,3,32.0,26.30810003975232,2,3.5181620980418464,0,3,55157.117155155785
1386.0,4,2,51.0,5.393047876838614,9,5.6722670574502665,1,3,50152.34929182602
3026.0,3,1,25.0,24.67991747628731,13,2.057317173194899,0,1,51387.77997910712
2565.0,1,2,33.0,1.448407155466557,11,8.961490023852523,0,2,66337.0852843501
675.0,2,1,23.0,12.102405569129582,5,2.575044660608545,1,3,46809.408919071735
832.0,5,1,61.0,26.18663451287698,6,1.921260262153645,1,1,54207.07202253245
2321.0,2,3,13.0,20.818190276417635,13,2.84545538670865,0,2,61844.501424205264
2656.0,1,3,19.0,16.215842606467405,1,8.256083398506833,0,3,74028.85507356256
1087.0,4,1,20.0,11.941988739937305,8,1.952330749162145,0,2,42199.97155193586
1099.0,1,3,72.0,24.462759920873438,2,6.529847453543494,1,3,60932.288118148645
952.0,5,1,75.0,21.431972916472517,13,7.715631705536131,0,2,48714.16760747817
2477.0,5,1,40.0,14.317956928662364,1,7.7597304443458395,1,2,68823.73023103758
527.0,5,3,13.0,26.828287947684963,1,2.7105479794731804,0,2,46556.118320226575
2503.0,5,1,60.0,7.283466525649655,5,1.5546159853985082,0,2,49298.63216653352
2165.0,2,3,39.0,5.526549520179434,3,5.039257453949959,1,3,48262.64325577577
2130.0,2,3,68.0,19.462711047840656,7,2.822368107200915,0,3,53784.727138101945
2877.0,2,1,29.0,29.173833109702226,5,7.293437281125442,0,1,60243.81917109648
2329.0,3,1,79.0,7.794068912549724,5,4.210235196898789,1,3,49312.590729737116
3047.0,5,3,64.0,7.865276178547881,8,5.0441854692981885,1,2,50378.58286377248
3173.0,4,2,18.0,4.615216014884602,8,2.0213643979154066,0,2,62519.14781219812
3720.0,4,2,58.0,25.88662488057215,14,6.107952578933726,1,1,61173.85343411405
3297.0,5,2,23.0,7.178727442134355,7,2.669717706687166,1,2,66566.78391635932
2311.0,4,2,28.0,15.343766538384191,8,7.110870948234433,1,2,59544.111871872854
2222.0,2,3,20.0,29.730738101065036,10,1.6405194029310433,0,2,54889.67153080219
1324.0,3,2,54.0,0.858156577200285,3,9.78305133053191,1,1,61099.552108488395
2598.0,3,1,21.0,16.916339670068428,10,7.160742807272305,0,3,66918.47939258385
986.0,1,2,51.0,15.612526759795902,13,2.6355661103073356,1,2,49506.424866346926
3759.0,4,3,47.0,24.319697604099566,5,1.1268518091567021,1,2,54141.10776698822
3457.0,4,1,60.0,10.98080541680692,3,4.010166029846969,0,1,59752.29784855949
919.0,4,2,79.0,12.605070087521726,5,2.3753193764698666,1,1,55458.827085587815
3250.0,3,3,1.0,5.454170427666478,4,2.9657019980759136,0,3,241106.4768840972
909.0,4,2,79.0,22.354049333255706,9,8.854752325941005,0,1,56628.63257872298
3024.0,5,1,9.0,23.648912821050374,13,6.428841940457645,1,3,93441.72000255476
806.0,3,1,42.0,4.531567962975492,9,2.5881188772600954,1,3,51853.03180621973
2208.0,3,2,27.0,12.10698368265549,2,6.00993460618704,1,2,57715.278041518155
2802.0,1,2,51.0,26.840697363199148,5,3.302025880824939,1,3,51677.21764332264
3050.0,4,3,58.0,0.5798645734357212,10,9.785807779222802,1,2,84767.85769250346
1965.0,5,2,68.0,9.313392583367653,5,1.2948150723732574,0,3,53097.78286214752
3725.0,4,3,32.0,16.873747409050157,9,7.590865799510335,1,1,68989.74805975035
3210.0,5,1,74.0,10.355768859968622,10,7.956973235722845,0,2,56780.551015056604
1228.0,5,2,26.0,8.525333080741248,5,1.6044648756193025,0,2,62839.21823104008
2849.0,4,1,17.0,14.071105804644771,10,2.5468242780821644,0,3,64662.73480297791
3056.0,3,2,30.0,5.854931689235966,6,4.458759931935618,0,1,57799.58440391299
1667.0,1,1,42.0,16.123944608304775,2,8.813393438761612,0,3,56480.867809448544
3083.0,1,2,53.0,21.347529678740162,6,5.832999445766494,1,1,56365.4278474676
3644.0,2,2,66.0,17.471201102540814,7,6.897761650065615,1,1,58794.53011682042
3359.0,3,1,18.0,3.2467252603266616,1,8.047115519111584,0,2,80203.61075590788
3168.0,4,1,24.0,25.41005411788441,13,8.45310509503768,0,1,74530.80055027574
2720.0,3,2,75.0,5.661846205880901,8,5.286560887753129,1,2,61626.79205089225
1446.0,1,3,35.0,23.061954018028295,1,5.579138248961332,0,3,49592.11143372017
3283.0,2,1,20.0,11.136670767887587,13,7.462052713790015,1,3,70714.1228868335
1774.0,5,2,78.0,23.591459767655017,12,3.3700812286206374,1,1,49951.76266118733
2362.0,5,1,36.0,6.5850506504577,1,8.69040762728972,0,2,61109.66598102003
1600.0,2,3,78.0,6.0065320590151785,3,1.1870814202825741,1,2,60445.35649747494
1595.0,5,2,73.0,15.162262463415725,6,2.761944419887522,1,1,56023.487734646595
1051.0,4,3,72.0,1.4716124336016345,8,8.201799487328529,1,2,63108.60936154242
3864.0,5,1,46.0,7.146271494078834,11,4.062323907034051,0,2,57126.936006862925
1017.0,5,1,64.0,21.858361439438273,6,2.348495494230754,1,3,50015.691308707355
801.0,4,2,76.0,25.202812610010053,9,2.68079280140263,1,1,44937.387391102835
3776.0,2,2,22.0,2.883168236165408,1,5.776807617424626,0,1,76542.77939069786
2442.0,4,3,3.0,26.52129242842408,10,8.61563376410489,1,3,192677.41570937604
2032.0,2,3,26.0,24.026757519568783,13,1.6358564419399952,1,3,58309.971828884794
3081.0,2,3,51.0,26.15568672335548,8,1.2743281821218446,0,1,51047.08565592897
1841.0,4,2,44.0,21.103642360075778,7,5.186513222531588,0,1,54225.64680807605
947.0,3,2,7.0,20.38751548517196,5,9.605686735482712,1,2,77186.4172108464
3053.0,3,2,45.0,15.990250383673482,14,3.511088230727138,0,3,59090.85066724661
1115.0,2,1,14.0,19.75722312249379,1,9.632534851603435,1,1,59748.10324241791
2435.0,3,2,40.0,27.613735104714852,5,8.989130589310012,0,1,64360.986939933624
3821.0,1,2,46.0,3.465399041792898,2,3.5482156874876,1,3,58695.281551220076
3776.0,4,1,51.0,9.81505209645969,13,8.352532578305322,1,3,58993.87139143894
1762.0,3,1,33.0,2.637421721078219,7,7.172805723119369,1,3,52800.29974090896
3231.0,5,2,33.0,28.371752572349134,13,5.606401500142814,1,3,60764.46030466801
2644.0,3,2,54.0,13.635331246981945,10,4.806245287385872,0,3,61447.857371931976
2177.0,3,3,60.0,20.42266188494756,8,8.33952480332911,0,1,63491.192335481945
989.0,1,2,64.0,25.313041902877483,8,8.137714894255192,1,1,54384.90236838333
1817.0,1,3,27.0,29.734507318256412,3,7.812427023483032,1,1,68993.44488021864
2781.0,2,2,34.0,5.272582504871839,8,9.984303560937663,0,1,68051.547287628
3953.0,2,1,27.0,24.085621868687745,10,5.306612148472455,1,3,69909.8755135492
517.0,2,1,42.0,26.678975495033722,14,8.262306800379243,1,2,50536.3513884822
3012.0,2,3,11.0,1.9418236171008307,8,8.762305302851306,0,1,100999.81901440115
3462.0,4,2,34.0,22.745671525474414,14,2.9044232330831554,0,1,53542.800805640836
3829.0,1,1,15.0,10.964396975298234,14,1.3785979784775488,1,1,49399.19307961005
1983.0,2,2,43.0,19.633605348377746,8,4.642735619697217,1,2,60132.78810442437
914.0,1,3,68.0,15.66442178314651,7,8.710630159930984,0,2,50317.28163915691
1448.0,2,2,78.0,8.162396436555788,2,3.601929530750592,1,1,49236.546919529355
3476.0,4,1,36.0,4.489030179117588,4,7.300091386606817,1,3,61428.139732830656
3572.0,1,1,5.0,3.9499433761316447,13,1.0661332515783641,0,1,66916.5162944813
2729.0,2,3,19.0,3.5480243024005054,2,4.198279890882139,0,2,72196.95196353119
929.0,1,3,9.0,19.314806183970042,6,6.53965025282336,1,2,72707.5189467082
926.0,5,3,60.0,10.866620116286374,10,2.167814710651032,0,2,44696.89931955639
2173.0,4,3,78.0,6.890686427073237,4,9.069462209326906,0,3,55033.61796968293
2558.0,2,1,44.0,20.91061023482414,14,2.4064657940537133,0,3,48983.776635689945
613.0,1,1,14.0,20.762062190110772,10,9.188141905035952,1,1,62629.36782033879
2901.0,1,1,2.0,16.405464624531433,1,2.947503778146772,0,2,137305.98090614862
2405.0,3,1,78.0,28.0812555975426,4,9.948508065242567,1,1,53849.304250407855
543.0,4,3,25.0,11.869719827521928,11,6.4427384196603175,1,2,53942.37868119471
834.0,3,3,9.0,25.157957652444143,13,1.7591040499448014,0,2,51676.44060342373
2090.0,5,1,14.0,2.716612533999791,13,1.5874951103079387,0,2,65119.87093128681
3029.0,2,3,21.0,22.32501727413588,12,1.6742952663352189,0,1,57547.71517916399
3388.0,2,2,52.0,29.659198708041934,2,6.309034725618567,0,1,61338.04175070006
2009.0,3,1,71.0,25.474647380490598,11,8.286212820946467,1,1,44014.32107867909
1533.0,2,3,22.0,17.60010921964675,2,4.626664675934552,1,1,56738.89804934641
3889.0,5,3,55.0,18.989598897651238,2,5.003521833536756,1,2,66247.67443965311
2104.0,1,2,6.0,10.92204170838993,10,6.303589332981652,1,3,100628.09643955578
1603.0,3,3,1.0,20.544813938614066,7,5.797365443077202,1,1,228684.98347230992
2048.0,3,2,5.0,23.22666380384915,10,7.192555597911431,1,1,108051.2596873676
542.0,1,3,73.0,29.94774019297669,12,5.246071481467239,1,2,46126.69837442247
1556.0,3,2,46.0,15.027656051512773,1,7.424746165576607,0,3,62789.3945728423
2304.0,3,3,64.0,2.308469940316547,8,9.975796682919707,1,1,62528.1851182588
3714.0,2,1,2.0,18.077809546564065,12,4.152680580238885,0,1,201597.42287517144
3083.0,1,1,2.0,4.011212424473973,7,1.1099391662381572,1,2,86854.18941133124
3234.0,1,3,68.0,7.720568784905247,8,2.130625409964893,0,2,42501.456291582326
2407.0,1,1,9.0,10.199007383519248,7,5.981627664882584,1,3,78473.03528526874
887.0,3,1,13.0,22.065381257878112,13,4.098320084301868,1,1,56197.06817350283
1868.0,1,3,41.0,5.922339654415766,1,9.459843343344932,0,1,63818.00973606007
3989.0,5,1,48.0,5.3897119318494,13,6.647014810966446,1,2,54846.96051769665
654.0,2,2,19.0,1.8264451537154103,12,5.683196673689212,1,2,57805.78068789161
3577.0,4,1,36.0,26.260578122439487,12,8.182355511448169,1,3,70831.08330734225
2895.0,4,1,54.0,20.95841001850379,6,3.3273088394418564,0,2,48021.3194383946
1493.0,3,3,35.0,1.6784207357199814,8,8.377646862541237,1,2,64056.404107680835
3222.0,5,1,31.0,1.3346230163243802,6,1.0275499437768365,1,1,59902.52016048177
3429.0,1,1,6.0,16.980891746014155,4,6.5770962592214595,0,1,132879.66670592036
651.0,2,3,36.0,8.834764837957975,13,9.41281435941201,0,3,53581.144018900945
872.0,2,3,64.0,18.1034273377419,8,8.09073956830483,1,1,52044.97756064031
2830.0,1,1,50.0,13.320823182588477,11,8.682707729326234,0,2,64127.553092088754
3996.0,2,3,71.0,27.73772058815251,2,4.572592256543505,0,3,50003.32946409073
583.0,2,2,10.0,8.990365941360354,12,8.418150514901136,1,3,60011.2153125102
2829.0,4,3,1.0,20.534788368947357,10,5.9574849852724,0,1,385670.2518074592
977.0,2,1,44.0,2.094602192748676,14,6.56686212852879,0,1,57113.98562938555
2775.0,5,3,15.0,28.6978857585733,2,1.5302380540222316,0,3,59531.166353879285
2681.0,4,2,47.0,29.43234530329639,8,2.8139652745695294,0,3,55849.809199852076
816.0,5,3,72.0,22.302701555984164,8,5.9586797396219735,0,1,48692.03067561315
2882.0,1,2,27.0,14.223767911125409,8,1.5292095204114788,1,2,54534.91992889354
3639.0,5,3,44.0,6.98980646015421,1,7.673021259289419,1,1,70307.75865150992
3522.0,4,2,54.0,24.46923203731496,7,8.560513076697113,1,3,58125.28032114757
601.0,5,1,12.0,22.222445865837155,5,9.283261251653244,0,3,60351.16087960276
1360.0,2,3,71.0,7.047644167047997,9,1.9159161326182534,0,1,51351.29524215655
1342.0,5,3,17.0,13.810851177639337,4,9.457482232205201,1,2,65394.297371895715
2086.0,3,1,64.0,14.152568665595158,7,1.6085800686636549,0,2,44988.06278760965
1000.0,1,2,53.0,24.87911122419492,9,5.266505943350338,1,1,58243.87219862356
3490.0,3,2,12.0,20.67341818785526,1,8.562259185650305,0,1,97074.01394364271
3218.0,1,2,58.0,19.473442534431626,12,1.6328002470800982,1,3,56583.49252598083
3329.0,5,3,16.0,19.669908965616713,11,1.1640796569008527,1,2,52773.74747458101
1193.0,2,3,48.0,8.478867341783129,1,1.2245294683598562,1,1,49192.29514907943
551.0,2,1,76.0,11.465482164971254,1,5.601432154924302,0,1,56718.76800138092
3687.0,3,3,76.0,1.847037420382831,12,8.304370701369967,0,2,67596.05248051786
1511.0,3,2,69.0,23.71476350645765,4,2.1468400396533966,1,3,52227.880946865014
2796.0,1,3,40.0,13.273447347509508,13,2.1214922867158656,0,2,56877.95190981174
3683.0,5,3,45.0,13.428031534083418,7,6.1169216954481245,1,3,59559.95795590232
626.0,5,2,24.0,7.7380098155419885,5,3.108660407307313,0,2,52879.28139724163
519.0,4,2,73.0,6.678104803053152,4,7.571923616303865,1,3,49828.40086172334
519.0,4,2,38.0,17.840746922286364,10,9.546718493590749,0,3,56920.082912907375
1047.0,3,3,61.0,7.360313948508435,2,7.894300659403718,1,1,51190.96571902408
680.0,3,2,29.0,2.3941611211812,6,8.894578297410249,1,1,64511.37450765559
3369.0,3,1,59.0,23.1414687714365,5,5.676274518145033,1,3,55603.93274595777
2620.0,1,2,18.0,11.605848314987796,3,8.490873737957799,0,3,75664.62055710197
3930.0,1,1,58.0,11.716949725029481,5,2.6461286558801413,0,1,57588.093583778755
3305.0,2,2,4.0,13.223889304715843,8,1.6151310135606465,0,2,77545.28286627246
3871.0,3,1,9.0,24.543822290538767,10,6.903577991122173,1,3,108557.2476995727
1334.0,1,1,28.0,9.964688430224605,2,1.4675725338225034,0,3,52277.33541892826
1507.0,1,3,39.0,22.862068232106164,13,9.032332772257124,1,1,61127.061868526005
3472.0,5,1,57.0,28.216572802996527,13,7.223987323966767,0,3,56404.201848057666
1357.0,2,2,29.0,19.995611779781584,10,9.569806528680207,0,2,58932.25385601281
700.0,3,3,2.0,13.234591894722227,13,3.824979906819121,1,3,77573.14419668952
2841.0,3,3,26.0,22.55979683282661,6,5.375424782814587,0,1,65778.60552757792
3303.0,4,2,35.0,14.007972407665873,12,7.675213285406071,0,2,64785.944671191646
3888.0,4,1,43.0,12.725604497690155,11,3.185010869147385,1,1,64049.81768680167
3747.0,2,3,51.0,15.995853325394155,8,5.876639381005003,1,2,58610.74084132372
920.0,5,3,20.0,9.872808876874167,3,6.935205475049303,1,1,56406.90142070056
3202.0,2,2,49.0,3.575381380260035,8,9.80927789002337,1,2,64907.25863431955
3461.0,5,1,50.0,12.738134163021874,13,7.702329648181463,1,3,55984.17902687884
2943.0,3,1,62.0,4.153777993314407,14,2.063177652511666,1,2,50063.79020121414
3369.0,1,1,42.0,12.608023469885678,7,5.278001062449793,0,1,57058.3367066386
3432.0,4,1,65.0,16.929544775796785,4,6.298937046906149,0,2,61955.97583043602
2062.0,1,3,18.0,27.95597984556658,11,2.3196082857791747,0,2,55534.71469455848
640.0,4,1,57.0,1.568558765836456,2,4.887694512829706,1,3,55461.626971688296
2096.0,1,1,4.0,18.833022991807354,3,3.556052347022407,1,1,92888.44479053798
1206.0,2,3,9.0,14.00318800617728,8,2.0694478803582337,0,1,62697.52076589657
898.0,4,3,69.0,1.0977032820221053,14,5.60837740117109,1,2,65779.48369360245
937.0,5,1,38.0,7.861671190192251,5,2.4906977291111088,0,3,48960.0372002249
2940.0,3,2,50.0,3.9953149444666463,7,6.31483667727151,1,2,57873.93215461415
2265.0,1,2,48.0,6.895427299077619,5,2.527272390176789,1,1,61362.22846732756
2389.0,2,2,55.0,8.599822182097087,7,7.51235431242539,1,1,58689.7147851794
3108.0,5,3,20.0,12.33853689377479,1,2.7571746072670336,1,3,58269.13381649157
2418.0,4,3,15.0,16.10666210792226,9,9.066565906985346,1,3,82832.5637263012
2705.0,1,3,4.0,0.5292048208283899,9,1.2358842089392796,0,1,89791.83041252336
801.0,2,1,69.0,5.2751461385478535,5,5.697976483411623,0,1,50847.12755231667
3478.0,2,1,18.0,3.2602083754596207,4,3.880942892978922,1,1,68975.63739180821
2070.0,1,2,46.0,16.71536527825094,11,3.025688731971317,0,2,57166.53173991621
1043.0,5,1,36.0,10.20770867683746,3,5.2444250124863325,0,3,49203.39366414342
3346.0,4,2,13.0,16.677733213024183,1,8.578175826918347,0,1,94808.64437768531
3071.0,1,1,33.0,7.043787414152996,1,9.23749484973984,1,3,63987.9885083284
685.0,4,3,7.0,1.2147659455837534,13,3.729237563330612,1,1,61448.898395296834
1175.0,3,1,14.0,28.27032358747228,6,2.388192598855641,1,3,52025.653479068365
555.0,1,1,12.0,3.6950895750753237,2,7.481264028096765,1,1,61606.476504198785
1447.0,3,1,66.0,4.242333064870646,13,6.237988529103895,1,3,53756.08543316506
849.0,1,1,45.0,4.823131382049145,3,2.8091453380980393,1,2,50442.43581861505
2984.0,2,2,74.0,29.447657457801544,5,7.842662092786929,1,1,56878.53443798049
2328.0,5,2,35.0,18.720977085014884,1,5.67037391717927,0,1,53317.56192228025
3930.0,4,3,16.0,18.50355357526359,10,6.880556795566668,1,3,86120.67555598005
3122.0,1,1,49.0,29.607596944796622,10,4.234051305670499,0,2,60428.318715241185
2640.0,5,2,74.0,3.1089436936023156,11,4.951878051721383,1,2,56421.06721057659
2282.0,3,2,43.0,29.247776329997528,4,2.62307888537448,1,3,52285.05081802999
690.0,5,2,2.0,6.518387823344207,5,7.808642808808068,1,2,106963.50857345943
745.0,4,3,24.0,18.880609355080047,14,2.413101917366127,1,2,43609.77084961905
2657.0,2,1,74.0,12.892465176432355,12,8.004723352759552,1,2,58751.65874728194
515.0,3,2,41.0,11.826578497576758,1,8.182070693961276,1,1,65773.65951136702
648.0,3,3,76.0,27.971678190144146,10,7.719408676496095,0,1,51164.768996271334
1266.0,4,3,41.0,4.902217988987565,12,1.174805092528664,0,1,52271.04613153959
3594.0,2,2,1.0,29.913535826749186,8,3.458198913460062,1,2,301995.55211835896
2106.0,2,2,69.0,11.684189302200682,9,5.215039685126324,1,2,60867.31530656609
2983.0,2,3,61.0,19.638859664712356,1,6.359899408451162,0,3,60775.433505015986
1940.0,2,2,57.0,29.053248578759124,1,9.272998894321452,1,3,47710.72339819213
1105.0,1,3,77.0,2.199230986179756,1,4.38045374915832,1,1,58142.357127248986
1799.0,1,1,16.0,27.724498706293122,3,8.875209868965587,1,3,80992.15145953781
821.0,5,2,72.0,17.250435867953126,14,2.470863593231529,0,3,53726.27677283718
3195.0,1,1,19.0,21.279707929834842,9,4.341524387577643,1,2,60279.64554579042
1142.0,5,1,77.0,4.900933424647277,11,1.4705380973919069,0,2,53646.19697549716
1817.0,1,2,16.0,16.23492920951545,5,7.6824036195006,0,1,62749.85196433278
3930.0,4,1,44.0,20.36865458439469,14,2.3558748168962165,1,1,59815.44922159492
2571.0,2,2,63.0,13.959295567936614,3,3.31318014083612,1,1,49453.70826387629
2104.0,3,2,7.0,5.072062754128673,13,7.977099269738933,0,2,100233.45283291469
2400.0,2,2,6.0,7.70151271502451,1,5.81245045680439,0,2,94238.32244257805
3244.0,3,3,68.0,25.704587334308208,1,1.125754474766163,0,1,49195.41634821544
1390.0,3,3,5.0,1.516894288566502,2,1.020116842726574,1,1,68431.68879102677
2727.0,3,2,49.0,21.411431314003966,12,5.595945685659074,1,1,57125.010443772124
3554.0,2,1,75.0,29.982006077178543,4,3.7445996237427535,0,2,51561.76384838591
2503.0,3,3,49.0,0.7207483851496151,7,2.6228030139565943,0,3,61801.39211293198
2062.0,5,1,38.0,5.250847643188227,7,6.522345439444998,1,2,51215.48447760826
1007.0,3,2,33.0,20.387256876347468,12,3.055928245456844,0,1,47162.81703713566
1369.0,2,2,51.0,2.269729620267774,5,6.3298643471645315,0,1,58268.70254407191
3811.0,1,1,46.0,17.898804523747838,1,4.413393555276456,0,1,61939.399813630465
2394.0,2,2,40.0,20.678003055051157,6,2.6807159590281073,1,3,51367.00292749134
1554.0,1,1,13.0,17.85031726936507,5,2.242942640818738,0,3,62440.219229112394
1964.0,1,1,53.0,11.272948739121482,11,3.1317454281455928,0,1,50230.53942455322
2523.0,5,2,59.0,21.069827731605848,11,1.2684889721168657,0,1,50571.76078041077
2381.0,1,1,56.0,18.031685626407704,2,3.773142658326416,0,1,49282.92973679137
2949.0,3,3,6.0,6.625296576770633,12,9.117592211636147,0,3,145246.89020883708
1401.0,5,1,56.0,17.11249853576074,1,8.482259132947254,0,1,63533.05049086065
2772.0,5,2,58.0,26.51626290559836,9,4.34803381047693,0,3,47221.82964093385
2049.0,1,3,15.0,20.171581927868274,6,6.182502567236234,0,2,65949.79541431137
3792.0,1,1,68.0,14.41784946811849,5,6.106245031126527,0,1,62752.59238514869
1052.0,2,3,42.0,9.986731034648809,7,8.458637852743411,1,3,49233.98002998934
1019.0,3,3,38.0,3.0336431784083993,5,3.1266109136526907,0,2,57324.91623326631
2115.0,5,3,58.0,7.716500416391346,12,3.6674873991371113,1,3,59039.685528796595
2279.0,2,1,41.0,0.8300092160628683,14,3.7160689037105037,1,1,66503.88412956957
2918.0,1,3,44.0,29.605464566986452,12,1.3678299079450689,1,2,54435.56885070925
1914.0,2,3,25.0,7.063226437797828,7,3.8321907696027298,1,2,64591.256665558976
3698.0,5,3,74.0,24.538840309218493,8,8.901223989292063,1,2,67389.7645890673
2159.0,1,1,77.0,5.475024013246869,7,9.207888828143329,0,1,56732.90909991817
952.0,2,3,11.0,8.86623391336443,12,1.9867181119169535,0,2,52357.37194493965
917.0,1,1,58.0,12.839180917236819,8,5.1225268745658825,0,3,48580.790655595105
3906.0,1,2,2.0,10.06996709217735,7,4.432140114288752,1,3,228166.77812792532
969.0,5,2,30.0,24.051348976415902,6,5.404232769610491,1,1,48214.13818972379
3817.0,1,2,77.0,28.751955536454982,6,5.992475716528094,1,3,55240.74935631435
1473.0,2,2,14.0,26.32118726770003,8,1.1823288401597147,1,3,53294.03517586534
826.0,5,1,30.0,5.030547074958818,10,8.580180231290447,0,1,54625.24912739763
1566.0,4,2,18.0,23.412315952304063,7,9.762976658560046,0,1,68575.93966935905
2651.0,1,3,58.0,4.864433942488987,12,6.880643308032781,0,3,68988.14681383903
1997.0,3,2,37.0,27.44474264358199,12,6.944070146440323,0,1,57355.58501423256
3249.0,5,1,47.0,15.777417982223064,7,5.7518187204763755,1,1,56779.10949103425
2638.0,3,3,75.0,10.42324209767285,13,4.008460705429435,0,2,57992.769422383615
1902.0,3,1,42.0,5.1322521713586875,3,2.34080041761569,1,2,55062.81418403973
2721.0,3,2,58.0,0.8483681012806361,14,6.256570084264456,1,2,73630.8683193994
3900.0,4,2,8.0,7.814436253996099,5,1.4044726315828635,0,2,65656.73318286792
1941.0,1,2,18.0,27.4635918667987,8,8.420523109226865,1,3,67493.44088098846
1037.0,5,3,75.0,24.019234672030713,4,4.788205295235539,0,3,44338.09699108165
1930.0,5,2,68.0,29.108914378646226,7,4.732788017457773,1,1,46308.304107906864
3440.0,1,3,52.0,3.4724648730805048,5,3.944537726283152,1,1,50480.70353958194
1261.0,5,1,30.0,17.969272933417248,10,9.724184998287278,0,1,60305.53492124392
3821.0,5,3,16.0,8.08593898390791,2,2.5742525749364695,1,2,57878.74789747682
2559.0,4,2,68.0,16.516780320286017,12,2.3617703932769003,0,2,57593.58326490424
2605.0,2,1,63.0,9.953419124121927,13,2.4897835139052713,1,3,53189.21247560441
1609.0,3,1,20.0,8.862233732179046,8,6.926747345656876,0,2,61260.16141735466
3721.0,5,3,47.0,17.428436409725627,8,9.927057868566385,0,1,62790.38066522033
626.0,1,2,49.0,5.907885775151439,10,3.119276533615792,0,3,55071.99046531604
1545.0,5,2,38.0,14.339436390677447,3,9.15055657360739,0,1,54799.614731576636
1964.0,5,1,74.0,19.698961818799027,11,3.507549032873552,0,3,48280.235644386856
2170.0,4,2,10.0,4.2813711588927195,4,6.831099281127702,1,3,86914.24082488488
2159.0,2,3,21.0,27.95253099086867,10,1.3644905674003094,1,3,54635.05505032055
1017.0,3,1,8.0,15.418878633896682,5,5.460885771185701,1,3,63557.916860009944
1289.0,1,2,55.0,24.676075170588096,11,6.891129696510836,0,1,56297.21359026681
833.0,5,2,51.0,19.79021020332137,12,5.826877995003657,0,2,52445.81380746478
2503.0,2,3,78.0,21.445027766065092,3,3.14051846393612,1,2,54071.35517242067
1728.0,1,1,43.0,21.625862759288722,9,8.45647253441124,0,2,53869.19121673408
2480.0,4,2,12.0,26.31544696331344,7,9.731228601144164,0,3,99194.4269035341
2564.0,4,3,36.0,18.601360333884262,5,5.132764861228588,0,2,55443.55087972954
2957.0,4,1,7.0,8.707405975780993,9,6.7232733867032834,0,1,114407.8627671406
2414.0,1,3,54.0,3.435534464530986,14,8.113719415110154,0,3,59381.22882462695
2767.0,4,3,54.0,18.384393273779175,1,3.1734015455961457,1,2,57145.48550796337
2555.0,4,3,68.0,2.4574077112321415,14,8.780053437359069,0,3,63714.257250375726
2783.0,4,2,27.0,7.618156824841141,12,3.5218081477899776,1,1,63332.15086669361
2658.0,5,3,25.0,2.2908619457563955,8,7.98247723163715,0,3,67850.57879167194
1606.0,2,3,6.0,16.69218387569373,9,2.0088930918377983,0,1,65817.16933242601
1361.0,2,3,33.0,5.229974685814607,6,3.5954803307275274,1,2,62540.37876479002
3256.0,5,2,38.0,18.50701592328746,2,5.802579405458809,1,3,59410.56643792503
1699.0,3,2,60.0,23.830521360466395,9,5.724298861338836,0,2,53805.51895247787
2422.0,3,2,60.0,24.74548126276994,12,8.653880660377297,0,1,55218.413300155444
1189.0,2,1,12.0,9.63153349006001,4,9.965145318747465,1,3,69348.16619164977
2009.0,4,3,23.0,16.69415871448763,11,1.9648976127412656,0,3,61133.88834643226
2353.0,4,3,41.0,17.108817422547588,11,3.4424931954253335,1,1,50368.300892238636
2691.0,1,2,27.0,14.450171873547914,11,4.218383892007682,0,1,55190.950849769244
2342.0,3,1,3.0,19.825859797030564,5,5.310265670290045,1,1,140100.46672731428
1762.0,5,2,67.0,6.69757015279424,6,5.445187688389591,0,1,56948.91756320874
3866.0,2,2,58.0,29.38767556781043,6,8.70575556833575,1,2,70745.34070817314
2294.0,2,2,42.0,3.3933548991825067,12,7.935033725065898,1,1,59745.72672514214
